"gene","module"
"SLC2A1-DT","black"
"ENSG00000285407","black"
"TYW3","black"
"TLCD4","black"
"ATP1B1","black"
"KCNH1","black"
"ESRRG","black"
"SNTG2","black"
"COLEC11","black"
"TTC32","black"
"DYNC2LI1","black"
"ELMOD3","black"
"CYTOR","black"
"PAX8-AS1","black"
"PAX8","black"
"STK39","black"
"TTN-AS1","black"
"ENSG00000229321","black"
"ATIC","black"
"NGEF","black"
"CCK","black"
"CFAP20DC","black"
"PDZRN3","black"
"ST3GAL6","black"
"TBCCD1","black"
"RNF212","black"
"ENSG00000251652","black"
"GSX2","black"
"ENSG00000272986","black"
"PPA2","black"
"UGT8","black"
"CYP4V2","black"
"MIR4458HG","black"
"ENSG00000286751","black"
"ENSG00000214942","black"
"ENSG00000272154","black"
"NQO2","black"
"C6orf52","black"
"DCBLD1","black"
"PALS2","black"
"HOTAIRM1","black"
"HOXA3","black"
"HOXA7","black"
"DPY19L2P4","black"
"STEAP2","black"
"GNGT1","black"
"BRI3","black"
"ARF5","black"
"ENSG00000253853","black"
"ADAM7-AS1","black"
"ADAM7","black"
"SNTG1","black"
"CRH","black"
"CASC9","black"
"TSPYL5","black"
"BAALC","black"
"NMRK1","black"
"PSMD5","black"
"DNM1","black"
"TUBB8","black"
"ST8SIA6","black"
"NEBL-AS1","black"
"ZNF487","black"
"ENSG00000285803","black"
"ENSG00000287221","black"
"LINC00858","black"
"TLX1","black"
"DUSP5","black"
"SLC6A5","black"
"GRM5P1","black"
"CTSF","black"
"CRYAB","black"
"SDHD","black"
"BORCS5","black"
"HEBP1","black"
"SLCO1B1","black"
"ENSG00000291250","black"
"PDZRN4","black"
"ENSG00000257228","black"
"FAIM2","black"
"LETMD1","black"
"ENSG00000258053","black"
"LINC02882","black"
"UFM1","black"
"C14orf119","black"
"MIPOL1","black"
"SAMD4A","black"
"SLC38A6","black"
"FAN1","black"
"ENSG00000291228","black"
"NMRAL1","black"
"ENSG00000260289","black"
"TMEM186","black"
"PLA2G15","black"
"TVP23B","black"
"UNC119","black"
"HOXB-AS1","black"
"LINC02564","black"
"RIT2","black"
"ENSG00000267284","black"
"LINC01899","black"
"ENSG00000265995","black"
"ENSG00000264015","black"
"CFD","black"
"KISS1R","black"
"CLPTM1","black"
"PLA2G4C","black"
"CLEC11A","black"
"ISOC2","black"
"LAMP5","black"
"PXMP4","black"
"DGCR6","black"
"ENSG00000291044","black"
"NEFH","black"
"TBC1D22A-DT","black"
"GYG2","black"
"ARSD","black"
"ARSL","black"
"RBBP7","black"
"LINC01456","black"
"CDK16","black"
"USP11","black"
"PCDH11X","black"
"FIRRE","black"
"MTM1","black"
"ENSG00000291032","black"
"C1orf174","blue"
"CLSTN1","blue"
"MIIP","blue"
"EMC1","blue"
"ADGRB2","blue"
"CSMD2","blue"
"NCDN","blue"
"HIVEP3","blue"
"ENSG00000227857","blue"
"FAAH","blue"
"DAB1","blue"
"ENSG00000248458","blue"
"LRRC7-AS1","blue"
"GIPC2","blue"
"IFI44","blue"
"LRRC8B","blue"
"PLPPR5-AS1","blue"
"OVGP1","blue"
"PPM1J","blue"
"LINC01357","blue"
"TSPAN2","blue"
"IGSF3","blue"
"PHGDH","blue"
"ENSG00000272583","blue"
"LSP1P5","blue"
"ENSG00000287190","blue"
"LINC01719","blue"
"ENSG00000290578","blue"
"PDE4DIP","blue"
"C1orf56","blue"
"INTS3","blue"
"ADAM15","blue"
"MIR9-1HG","blue"
"ARHGEF11","blue"
"IGSF8","blue"
"ALDH9A1","blue"
"SFT2D2","blue"
"VAMP4","blue"
"TNR","blue"
"ASTN1","blue"
"NMNAT2","blue"
"SHISA4","blue"
"LRRN2","blue"
"DYRK3","blue"
"LPGAT1","blue"
"PACC1","blue"
"TATDN3","blue"
"DEGS1","blue"
"ENSG00000286174","blue"
"EPHX1","blue"
"CCSAP","blue"
"ABCB10","blue"
"TTC13","blue"
"PCNX2","blue"
"TARBP1","blue"
"GPR137B","blue"
"ERO1B","blue"
"RYR2","blue"
"RGS7","blue"
"HPCAL1","blue"
"VSNL1","blue"
"RDH14","blue"
"WDR35","blue"
"CGREF1","blue"
"CLIP4","blue"
"EIF2AK2","blue"
"PREPL","blue"
"PRKCE","blue"
"SPTBN1","blue"
"RTN4","blue"
"FBXO41","blue"
"BOLA3-DT","blue"
"TGOLN2","blue"
"REEP1","blue"
"THNSL2","blue"
"ANKRD36C","blue"
"DUSP2","blue"
"ANKRD36","blue"
"LONRF2","blue"
"RNF149","blue"
"CCDC93","blue"
"CCDC74A","blue"
"HNMT","blue"
"KCNJ3","blue"
"UPP2","blue"
"ENSG00000270557","blue"
"SLC4A10","blue"
"B3GALT1","blue"
"METTL8","blue"
"LNPK","blue"
"FAM171B","blue"
"MFSD6","blue"
"STAT1","blue"
"SATB2-AS1","blue"
"TRAK2","blue"
"ADAM23","blue"
"ABCB6","blue"
"SPEG","blue"
"ACSL3","blue"
"NYAP2","blue"
"SPHKAP","blue"
"CHL1-AS2","blue"
"ARL8B","blue"
"CAMK1","blue"
"ATP2B2","blue"
"TAMM41","blue"
"PPARG","blue"
"CAND2","blue"
"IQSEC1","blue"
"COLQ","blue"
"ENSG00000287042","blue"
"GPD1L","blue"
"GLB1","blue"
"FBXL2","blue"
"MYRIP","blue"
"NBEAL2","blue"
"DOCK3","blue"
"CADPS","blue"
"TAFA1","blue"
"CNTN3","blue"
"ARL6","blue"
"DUBR","blue"
"SIDT1","blue"
"PODXL2","blue"
"ENSG00000291042","blue"
"RAB6B","blue"
"PLOD2","blue"
"HPS3","blue"
"C3orf33","blue"
"SERPINI1","blue"
"SLC7A14-AS1","blue"
"LINC01208","blue"
"KCNMB2","blue"
"KCNMB2-AS1","blue"
"ENSG00000289574","blue"
"VPS8","blue"
"FGF12","blue"
"FGF12-AS1","blue"
"MELTF-AS1","blue"
"PDE6B","blue"
"LRPAP1","blue"
"ENSG00000290888","blue"
"ZBTB49","blue"
"C4orf50","blue"
"JAKMIP1","blue"
"ABLIM2","blue"
"HS3ST1","blue"
"LINC00504","blue"
"CPEB2","blue"
"FAM184B","blue"
"CCDC149","blue"
"NWD2","blue"
"GNPDA2","blue"
"ENSG00000260918","blue"
"ATP10D","blue"
"OCIAD2","blue"
"SLC4A4","blue"
"ADAMTS3","blue"
"RCHY1","blue"
"ENSG00000289586","blue"
"BMP2K","blue"
"PAQR3","blue"
"PRDM8","blue"
"PRKG2","blue"
"ENOPH1","blue"
"NUDT9","blue"
"ANK2","blue"
"ANK2-AS1","blue"
"TRAM1L1","blue"
"PDE5A","blue"
"LRAT","blue"
"MARCHF1","blue"
"TRIM61","blue"
"FAM218A","blue"
"GPM6A","blue"
"ACSL1","blue"
"LPCAT1","blue"
"ENSG00000291055","blue"
"MED10","blue"
"SRD5A1","blue"
"ADCY2","blue"
"CFAP90","blue"
"ANKRD33B","blue"
"ENSG00000253766","blue"
"CDH6","blue"
"PDZD2","blue"
"NPR3","blue"
"SLC1A3","blue"
"OXCT1","blue"
"CCDC152","blue"
"PDE4D","blue"
"RGS7BP","blue"
"AK6","blue"
"ANKRA2","blue"
"PDE8B","blue"
"WDR41","blue"
"ENSG00000287783","blue"
"ENSG00000289008","blue"
"KIAA0825","blue"
"MCTP1","blue"
"SLC25A46","blue"
"MIR3936HG","blue"
"IRF1-AS1","blue"
"RAD50","blue"
"TH2LCRR","blue"
"HBEGF","blue"
"SPRY4-AS1","blue"
"FAT2","blue"
"GABRB2","blue"
"NSG2","blue"
"HRH2","blue"
"ARL10","blue"
"RAB24","blue"
"ENSG00000248103","blue"
"GMDS","blue"
"GFOD1","blue"
"MCUR1","blue"
"ID4","blue"
"KIAA0319","blue"
"LINC01012","blue"
"TRIM26","blue"
"ENSG00000272501","blue"
"TAP2","blue"
"RNF8","blue"
"LRFN2","blue"
"VEGFA","blue"
"SCIRT","blue"
"TMEM63B","blue"
"TMEM14A","blue"
"HMGCLL1","blue"
"LMBRD1","blue"
"OGFRL1","blue"
"TMEM30A","blue"
"ELOVL4","blue"
"RRAGD","blue"
"MDN1","blue"
"MANEA","blue"
"FUT9","blue"
"OSTM1","blue"
"CEP85L","blue"
"FABP7","blue"
"NCOA7","blue"
"ARHGAP18","blue"
"STX7","blue"
"IFNGR1","blue"
"ARFGEF3","blue"
"PEX3","blue"
"FBXO30","blue"
"ZDHHC14","blue"
"TMEM181","blue"
"TAGAP-AS1","blue"
"MRPL18","blue"
"ERMARD","blue"
"FAM120B","blue"
"PRKAR1B","blue"
"SUN1","blue"
"PSMG3","blue"
"CRPPA","blue"
"TSPAN13","blue"
"MTURN","blue"
"PDE1C","blue"
"ENSG00000291133","blue"
"EEPD1","blue"
"EPDR1","blue"
"INHBA-AS1","blue"
"URGCP","blue"
"UBE2D4","blue"
"CAMK2B","blue"
"MAGI2","blue"
"MAGI2-AS3","blue"
"PCLO","blue"
"ANKIB1","blue"
"ENSG00000244055","blue"
"PEX1","blue"
"DYNC1I1","blue"
"ENSG00000284707","blue"
"TRIM4","blue"
"LHFPL3-AS1","blue"
"CCDC71L","blue"
"NRCAM","blue"
"FAM3C","blue"
"ENSG00000240571","blue"
"CALD1","blue"
"ENSG00000286458","blue"
"RHEB","blue"
"PRKAG2-AS1","blue"
"DLGAP2","blue"
"AGPAT5","blue"
"ENSG00000290357","blue"
"PRAG1","blue"
"MSRA","blue"
"MTMR9","blue"
"INTS10","blue"
"NPM2","blue"
"STC1","blue"
"PURG","blue"
"DUSP26","blue"
"IKBKB","blue"
"BPNT2","blue"
"PAG1","blue"
"WWP1","blue"
"SYBU","blue"
"TMEM65","blue"
"EFR3A","blue"
"PTP4A3","blue"
"ADGRB1","blue"
"GRINA","blue"
"LRRC24","blue"
"WASHC1","blue"
"VLDLR","blue"
"SLC1A1","blue"
"ENSG00000286162","blue"
"NFIB-AS1","blue"
"SH3GL2","blue"
"ENSG00000187186","blue"
"APBA1","blue"
"KLF9","blue"
"TRPM3","blue"
"OSTF1","blue"
"WNK2","blue"
"ENSG00000290685","blue"
"PTPDC1","blue"
"PGAP4","blue"
"NIPSNAP3A","blue"
"SLC44A1","blue"
"ENSG00000291094","blue"
"DELEC1","blue"
"TNC","blue"
"RABEPK","blue"
"RALGPS1","blue"
"GARNL3","blue"
"TOR1B","blue"
"NCS1","blue"
"OLFM1","blue"
"PPP1R26-AS1","blue"
"RNF208","blue"
"PFKP-DT","blue"
"PFKP","blue"
"TASOR2","blue"
"PHYH","blue"
"RSU1","blue"
"ENSG00000240291","blue"
"GPR158","blue"
"RASGEF1A","blue"
"ZNF22","blue"
"ENSG00000286401","blue"
"BICC1","blue"
"HK1","blue"
"DDIT4","blue"
"CAMK2G","blue"
"SAMD8","blue"
"GRID1","blue"
"PGAM1","blue"
"ZFYVE27","blue"
"GOLGA7B","blue"
"OLMALINC","blue"
"INA","blue"
"GPAM","blue"
"MGMT","blue"
"TCERG1L","blue"
"BNIP3","blue"
"CD81","blue"
"CARS1-AS1","blue"
"TRIM22","blue"
"PARVA","blue"
"CYP2R1","blue"
"BDNF","blue"
"CAT","blue"
"TRAF6","blue"
"MRPL16","blue"
"DAGLA","blue"
"VEGFB","blue"
"NRXN2","blue"
"PPP2R5B","blue"
"LTBP3","blue"
"KLC2","blue"
"ALG1L9P","blue"
"TMEM126B","blue"
"SESN3","blue"
"ALKBH8","blue"
"ENSG00000255028","blue"
"C11orf87","blue"
"PTS","blue"
"DSCAML1","blue"
"THY1","blue"
"SORL1","blue"
"DDX25","blue"
"SNX19","blue"
"VPS26B","blue"
"PIANP","blue"
"GPR162","blue"
"CLSTN3","blue"
"FAM66C","blue"
"ENSG00000290939","blue"
"ENSG00000275367","blue"
"A2ML1-AS1","blue"
"FAM234B","blue"
"EPS8","blue"
"CCDC91","blue"
"AMN1","blue"
"PUS7L","blue"
"ASIC1","blue"
"SLC11A2","blue"
"TFCP2","blue"
"POU6F1","blue"
"ANKRD52","blue"
"NXPH4","blue"
"SLC16A7","blue"
"DPY19L2","blue"
"TMBIM4","blue"
"C12orf29","blue"
"GNPTAB","blue"
"WSB2","blue"
"MICU2","blue"
"MTMR6","blue"
"GPR12","blue"
"SLC7A1","blue"
"ENSG00000290476","blue"
"DNAJC15","blue"
"SERP2","blue"
"FAM124A","blue"
"MYCBP2","blue"
"TEX30","blue"
"GAS6-AS1","blue"
"NDRG2","blue"
"CARMIL3","blue"
"EGLN3","blue"
"DACT1","blue"
"RTN1","blue"
"SYT16","blue"
"SGPP1","blue"
"TTC9","blue"
"RIOX1","blue"
"ENSG00000258695","blue"
"MLH3","blue"
"FLRT2-AS1","blue"
"GALC","blue"
"CALM1","blue"
"CHGA","blue"
"LYSET","blue"
"UNC79","blue"
"LINC02298","blue"
"BRF1","blue"
"BTBD6","blue"
"GABRB3","blue"
"ENSG00000291258","blue"
"SPRED1","blue"
"DISP2","blue"
"SEMA6D","blue"
"ENSG00000259221","blue"
"DMXL2","blue"
"LYSMD2","blue"
"TMOD2","blue"
"ZNF280D","blue"
"TLN2","blue"
"CA12","blue"
"ANKDD1A","blue"
"C15orf61","blue"
"NPTN","blue"
"NPTN-IT1","blue"
"SCAMP5","blue"
"UBE2Q2P1","blue"
"NMB","blue"
"NTRK3","blue"
"ENSG00000289128","blue"
"SEMA4B","blue"
"SYNM-AS1","blue"
"LINS1","blue"
"TM2D3","blue"
"HBQ1","blue"
"LMF1","blue"
"NME3","blue"
"FLYWCH1","blue"
"TVP23A","blue"
"NPIPA1","blue"
"ENSG00000286808","blue"
"YPEL3","blue"
"NPIPB13","blue"
"STX1B","blue"
"CNEP1R1","blue"
"ENSG00000285367","blue"
"ENSG00000287256","blue"
"GNAO1-DT","blue"
"GNAO1","blue"
"CMTM1","blue"
"ENSG00000289353","blue"
"CMTM4","blue"
"DNAAF1","blue"
"ABR","blue"
"MINK1","blue"
"CHRNB1","blue"
"ULK2","blue"
"RAB11FIP4","blue"
"MYO1D","blue"
"ARHGAP23","blue"
"ENSG00000214546","blue"
"PPP1R1B","blue"
"THRA","blue"
"NR1D1","blue"
"RUNDC1","blue"
"ADAM11","blue"
"MAPT","blue"
"UBE2Z","blue"
"RSAD1","blue"
"C17orf67","blue"
"TSPOAP1","blue"
"TRIM37","blue"
"AMZ2P1","blue"
"PITPNC1","blue"
"SLC16A6","blue"
"TSEN54","blue"
"TRIM47","blue"
"RBFOX3","blue"
"LINC01971","blue"
"LPIN2","blue"
"LDLRAD4","blue"
"B4GALT6","blue"
"FECH","blue"
"BCL2","blue"
"CYB5A","blue"
"FGF22","blue"
"TMEM259","blue"
"ZFR2","blue"
"MCOLN1","blue"
"EVI5L","blue"
"ZNF846","blue"
"PLPPR2","blue"
"FARSA","blue"
"CACNA1A","blue"
"CC2D1A","blue"
"UNC13A","blue"
"JUND","blue"
"TMEM59L","blue"
"CERS1","blue"
"ZFP82","blue"
"ENSG00000291089","blue"
"TTC9B","blue"
"SPTBN4","blue"
"EML2","blue"
"ENSG00000286024","blue"
"GFY","blue"
"EMC10","blue"
"ZNF765","blue"
"LENG8","blue"
"C20orf96","blue"
"NRSN2-AS1","blue"
"NRSN2","blue"
"TBC1D20","blue"
"ENSG00000286787","blue"
"PSMF1","blue"
"SDCBP2-AS1","blue"
"NSFL1C","blue"
"ZNF343","blue"
"IDH3B","blue"
"VPS16","blue"
"PTPRA","blue"
"MRPS26","blue"
"DDRGK1","blue"
"ITPA","blue"
"DNAAF9","blue"
"ATRN","blue"
"CDC25B","blue"
"MAVS","blue"
"SLC23A2","blue"
"CDS2","blue"
"GPCPD1","blue"
"CHGB","blue"
"TRMT6","blue"
"CRLS1","blue"
"PLCB4","blue"
"PAK5","blue"
"ANKEF1","blue"
"SNAP25-AS1","blue"
"MKKS","blue"
"SLX4IP","blue"
"TASP1","blue"
"ESF1","blue"
"NDUFAF5","blue"
"MACROD2","blue"
"MACROD2-AS1","blue"
"KIF16B","blue"
"SNRPB2","blue"
"KAT14","blue"
"PET117","blue"
"ZNF133","blue"
"ENSG00000230010","blue"
"DZANK1","blue"
"POLR3F","blue"
"SEC23B","blue"
"SMIM26","blue"
"DTD1","blue"
"NAA20","blue"
"CRNKL1","blue"
"CFAP61","blue"
"NXT1","blue"
"NAPB","blue"
"SYNDIG1","blue"
"APMAP","blue"
"ENTPD6","blue"
"PYGB","blue"
"NANP","blue"
"ZNF337-AS1","blue"
"ZNF337","blue"
"ENSG00000226465","blue"
"FAM182B","blue"
"ENSG00000286100","blue"
"NTSR1","blue"
"APP","blue"
"TCP10L","blue"
"CBR1","blue"
"ADARB1","blue"
"ENSG00000274422","blue"
"SEZ6L","blue"
"RFPL2","blue"
"SLC5A4-AS1","blue"
"SLC5A4","blue"
"ENSG00000289873","blue"
"ELFN2.1","blue"
"NPTXR","blue"
"MGAT3","blue"
"TSPO","blue"
"NUP50-DT","blue"
"SELENOO","blue"
"IL3RA","blue"
"CD99","blue"
"PCYT1B","blue"
"TAB3","blue"
"ATP6AP2","blue"
"NUDT10","blue"
"ENSG00000226530","blue"
"IQSEC2","blue"
"RRAGB","blue"
"KLF8","blue"
"ZXDA","blue"
"OPHN1","blue"
"RTL5","blue"
"NEXMIF","blue"
"HDX","blue"
"TMEM35A","blue"
"ARMCX4","blue"
"ARMCX6","blue"
"ZMAT1","blue"
"TCEAL2","blue"
"TCEAL5","blue"
"TCEAL1","blue"
"ENSG00000290740","blue"
"SLC9A6","blue"
"MCF2","blue"
"AFF2","blue"
"IDS","blue"
"PNMA6A","blue"
"ZNF275","blue"
"CCNQ","blue"
"UBL4A","blue"
"TMLHE","blue"
"SPRY3","blue"
"TTTY14","blue"
"AJAP1","brown"
"CHD5","brown"
"PER3","brown"
"SLC25A33","brown"
"DHRS3","brown"
"KAZN-AS1","brown"
"ATP13A2","brown"
"FAM43B","brown"
"PPT1","brown"
"SLC6A9","brown"
"PTCH2","brown"
"CYP4X1","brown"
"CYP4Z1","brown"
"EPS15","brown"
"SCP2","brown"
"HOOK1","brown"
"SGIP1","brown"
"DIRAS3","brown"
"LMO4","brown"
"DIPK1A","brown"
"AMPD2","brown"
"GSTM3","brown"
"SLC6A17","brown"
"KCNA2","brown"
"KCND3","brown"
"LINC01750","brown"
"ATP1A1","brown"
"ENSG00000290569","brown"
"LINC02802","brown"
"LINC01145","brown"
"ENSG00000237188","brown"
"ENSG00000274265","brown"
"ENSG00000291233","brown"
"ENSG00000285651","brown"
"SYT11","brown"
"CADM3","brown"
"DUSP23","brown"
"PEA15","brown"
"PCP4L1","brown"
"FCRLB","brown"
"LMX1A","brown"
"FAM78B","brown"
"ENSG00000229588","brown"
"BRINP2","brown"
"LINC02942","brown"
"CNIH3","brown"
"STUM","brown"
"MAP3K21","brown"
"SLC35F3","brown"
"LYST","brown"
"PLD5","brown"
"ENSG00000272865","brown"
"CMPK2","brown"
"KCNF1","brown"
"KCNK3","brown"
"EHD3","brown"
"FEZ2","brown"
"EPCAM","brown"
"ACYP2","brown"
"EML6","brown"
"ENSG00000285519","brown"
"SLC1A4","brown"
"DNAH6","brown"
"CREG2","brown"
"ST6GAL2","brown"
"SLC5A7","brown"
"EN1","brown"
"ENSG00000287900","brown"
"RBMS1","brown"
"SCN2A","brown"
"SCN1A","brown"
"MYO3B","brown"
"ERICH2-DT","brown"
"GAD1","brown"
"ENSG00000235934","brown"
"OSBPL6","brown"
"ZNF385B","brown"
"NEUROD1","brown"
"CALCRL-AS1","brown"
"STAT4","brown"
"CFLAR","brown"
"NRP2","brown"
"FASTKD2","brown"
"C2orf80","brown"
"UNC80","brown"
"PTPRN","brown"
"AP1S3","brown"
"SLC19A3","brown"
"DNER","brown"
"CHL1","brown"
"CNTN4","brown"
"GRM7","brown"
"ENSG00000270207","brown"
"SLC6A11","brown"
"SYN2","brown"
"RFTN1","brown"
"POMGNT2","brown"
"CSPG5","brown"
"COL7A1","brown"
"CACNA1D","brown"
"CHDH","brown"
"LINC02018","brown"
"CCDC54-AS1","brown"
"PLCXD2","brown"
"ENSG00000241490","brown"
"EPHB1","brown"
"CLSTN2","brown"
"PCOLCE2","brown"
"VEPH1","brown"
"SLC7A14","brown"
"C3orf70","brown"
"TMEM175","brown"
"C4orf48","brown"
"ZFYVE28","brown"
"STK32B","brown"
"PPP2R2C","brown"
"KLF3-AS1","brown"
"KCTD8","brown"
"GABRG1","brown"
"GABRA2","brown"
"GABRB1","brown"
"LNX1","brown"
"LNX1-AS1","brown"
"EPHA5","brown"
"CDKL2","brown"
"LINC00989","brown"
"CDS1","brown"
"PLA2G12A","brown"
"NDST3","brown"
"TRPC3","brown"
"USP38-DT","brown"
"ENSG00000287292","brown"
"ETFDH","brown"
"TMEM192","brown"
"SEMA5A","brown"
"PLCXD3","brown"
"ELOVL7","brown"
"RNF180","brown"
"SGTB","brown"
"KCNN2","brown"
"MARCHF3","brown"
"ACSL6","brown"
"SLC22A4","brown"
"SEPTIN8","brown"
"SAR1B","brown"
"NRG2","brown"
"PCDHAC2","brown"
"FGF1","brown"
"KCTD16","brown"
"ENSG00000285605","brown"
"PPP2R2B","brown"
"ABLIM3","brown"
"ENSG00000248647","brown"
"GALNT10","brown"
"SGCD","brown"
"GABRA1","brown"
"GABRG2","brown"
"F12","brown"
"TRIM7","brown"
"LINC01011","brown"
"TFAP2A","brown"
"CD83","brown"
"GPLD1","brown"
"ALDH5A1","brown"
"HLA-A","brown"
"ENSG00000291111","brown"
"SMIM29","brown"
"CPNE5","brown"
"ENPP5","brown"
"RCAN2","brown"
"FBXO9","brown"
"BEND6","brown"
"ENSG00000286340","brown"
"HTR1E","brown"
"MANEA-DT","brown"
"TUBE1","brown"
"SGK1","brown"
"ENSG00000286313","brown"
"MAP3K5","brown"
"SYNE1","brown"
"OPRM1","brown"
"ENSG00000287558","brown"
"QKI","brown"
"MPC1","brown"
"PDGFA","brown"
"ENSG00000291099","brown"
"DPY19L2P3","brown"
"ADCYAP1R1","brown"
"SFRP4","brown"
"ADCY1","brown"
"CALN1","brown"
"ENSG00000281120","brown"
"TMEM130","brown"
"LHFPL3","brown"
"FOXP2","brown"
"ENSG00000242593","brown"
"LINC-PINT","brown"
"LINC00513","brown"
"PTN","brown"
"CLEC2L","brown"
"CSMD1","brown"
"ENSG00000290829","brown"
"ASAH1","brown"
"CSGALNACT1","brown"
"ADRA1A","brown"
"EPHX2","brown"
"CLU","brown"
"SARAF","brown"
"CA8","brown"
"VXN","brown"
"RIPK2","brown"
"ATP6V1C1","brown"
"OXR1","brown"
"ENSG00000286937","brown"
"SAMD12","brown"
"ENSG00000225885","brown"
"ADCY8","brown"
"LY6H","brown"
"NRBP2","brown"
"KIFC2","brown"
"JAK2","brown"
"PHF24","brown"
"TESK1","brown"
"MAMDC2-AS1","brown"
"PRUNE2","brown"
"CTSL","brown"
"DIRAS2","brown"
"CDC14B","brown"
"GABBR2","brown"
"ABITRAM","brown"
"FRRS1L","brown"
"LRRC37A5P","brown"
"HDHD3","brown"
"BRINP1","brown"
"DNLZ","brown"
"SFMBT2","brown"
"CACNB2","brown"
"GPR158-AS1","brown"
"SPOCK2","brown"
"KCNMA1","brown"
"GLUD1","brown"
"TBC1D12","brown"
"CRTAC1","brown"
"CNNM1","brown"
"ADD3","brown"
"JAKMIP3","brown"
"CARS1","brown"
"ENSG00000291143","brown"
"ENSG00000283415","brown"
"ZNF215","brown"
"DKK3","brown"
"MICAL2","brown"
"BMAL1","brown"
"IGSF22-AS1","brown"
"PTPN5","brown"
"BBOX1","brown"
"STX3","brown"
"B4GAT1","brown"
"TPBGL-AS1","brown"
"ARRB1","brown"
"AQP11","brown"
"ELMOD1","brown"
"ARHGAP20","brown"
"ENSG00000286044","brown"
"UBASH3B","brown"
"GRAMD1B","brown"
"SCN3B","brown"
"TBRG1","brown"
"KIRREL3","brown"
"NTM","brown"
"IQSEC3","brown"
"CACNA1C","brown"
"CCND2-AS1","brown"
"STYK1","brown"
"ETFRF1","brown"
"SSPN","brown"
"CNTN1","brown"
"PCED1B","brown"
"SPRYD3","brown"
"STAT2","brown"
"XPOT","brown"
"PRANCR","brown"
"PTPRR","brown"
"KCNC2","brown"
"ANKS1B","brown"
"ANO4","brown"
"SLC41A2","brown"
"RPH3A","brown"
"CABP1","brown"
"B3GNT4","brown"
"FLT3","brown"
"FRY","brown"
"LINC00366","brown"
"DGKH","brown"
"ENSG00000289644","brown"
"SLITRK5","brown"
"MYO16","brown"
"LAMP1","brown"
"GAS6","brown"
"SLC22A17","brown"
"NUBPL-DT","brown"
"SSTR1","brown"
"TRIM9","brown"
"SLC35F4","brown"
"TMEM229B","brown"
"DPF3","brown"
"FLRT2","brown"
"FBLN5","brown"
"ANKRD9","brown"
"NUDT14","brown"
"OTUD7A","brown"
"SCG5","brown"
"RYR3","brown"
"ZNF770","brown"
"ENSG00000259345","brown"
"CKMT1B","brown"
"TRIM69","brown"
"CTXN2","brown"
"RORA","brown"
"ENSG00000259481","brown"
"LACTB","brown"
"SPESP1","brown"
"GLCE","brown"
"RASGRF1","brown"
"MAN2A2","brown"
"SV2B","brown"
"RHBDL1","brown"
"GNPTG","brown"
"SYNGR3","brown"
"CASKIN1","brown"
"DEXI","brown"
"SHISA9","brown"
"ENSG00000262801","brown"
"ENSG00000276564","brown"
"HS3ST2","brown"
"CACNG3","brown"
"CBLN1","brown"
"CYLD","brown"
"MT3","brown"
"CX3CL1","brown"
"KIFC3","brown"
"BEAN1","brown"
"HSF4","brown"
"SLC9A5","brown"
"TMEM231","brown"
"CNTNAP4","brown"
"CDYL2","brown"
"GAN","brown"
"CDH13","brown"
"CPNE7","brown"
"GAS8","brown"
"DOC2B","brown"
"ALOX12-AS1","brown"
"FGF11","brown"
"ATP1B2","brown"
"ENSG00000291194","brown"
"KRT222","brown"
"KAT2A","brown"
"FAM171A2","brown"
"MAPT-AS1","brown"
"CACNA1G","brown"
"TMEM100","brown"
"ANKFN1","brown"
"ABCA5","brown"
"CYGB","brown"
"DTNA","brown"
"ENSG00000288828","brown"
"ENSG00000286642","brown"
"SHFL","brown"
"SLC1A6","brown"
"SPINT2","brown"
"ENSG00000287271","brown"
"FBXO27","brown"
"CEACAM21","brown"
"TMEM145","brown"
"PVR","brown"
"GARIN5A","brown"
"SYT5","brown"
"TRIB3","brown"
"TMEM74B","brown"
"SNPH","brown"
"LZTS3","brown"
"PRNP","brown"
"BMP2","brown"
"TMX4","brown"
"BTBD3","brown"
"ENSG00000235292","brown"
"PCSK2","brown"
"SLC24A3","brown"
"VSTM2L","brown"
"SGSM1","brown"
"CACNG2-DT","brown"
"EFCAB6","brown"
"FRMPD4","brown"
"GLRA2","brown"
"ENSG00000289084","brown"
"DMD","brown"
"SLC9A7","brown"
"USP51","brown"
"HEPH","brown"
"PABPC1L2B","brown"
"PABPC1L2A","brown"
"MAGEE1","brown"
"TNMD","brown"
"TCEAL6","brown"
"HS6ST2","brown"
"SMIM10L2A","brown"
"CDR1","brown"
"ATP6AP1","brown"
"NPPB","cyan"
"MSTO1","cyan"
"RXRG","cyan"
"GORASP2","cyan"
"HOXD3","cyan"
"CRTAP","cyan"
"PROS1","cyan"
"CPNE4","cyan"
"SEC24D","cyan"
"SHISAL2B","cyan"
"ISOC1","cyan"
"TMED9","cyan"
"HOXA2","cyan"
"HOXA-AS2","cyan"
"BET1","cyan"
"TMEM64","cyan"
"FOCAD","cyan"
"NANS","cyan"
"NEBL","cyan"
"LBX1-AS1","cyan"
"HYOU1","cyan"
"PPFIBP1","cyan"
"LINC02381","cyan"
"ENSG00000289510","cyan"
"ARL1","cyan"
"TMEM263","cyan"
"STARD13","cyan"
"STARD13-AS","cyan"
"ENSG00000285621","cyan"
"ENSG00000287876","cyan"
"ZC2HC1C","cyan"
"NEK9","cyan"
"TMEM121","cyan"
"GJD2","cyan"
"SRP14","cyan"
"RAB27A","cyan"
"ENSG00000259692","cyan"
"SLCO3A1","cyan"
"POLR2C","cyan"
"PITPNM3","cyan"
"NTN1","cyan"
"ENSG00000279668","cyan"
"HOXB2","cyan"
"HOXB3","cyan"
"HOXB-AS3","cyan"
"HOXB7","cyan"
"CELF4","cyan"
"IER3IP1","cyan"
"UBL5","cyan"
"NUCB1","cyan"
"FTL","cyan"
"CHCHD10","cyan"
"SYAP1","cyan"
"IGSF21","green"
"PINK1","green"
"PITHD1","green"
"MECR","green"
"ATP6V0B","green"
"AGBL4","green"
"ECHDC2","green"
"GNG12","green"
"DNAJB4","green"
"SAMD13","green"
"LINC01356","green"
"S100A6","green"
"LYPLAL1","green"
"SLC30A10","green"
"MAP10","green"
"ZNF512","green"
"SLC4A5","green"
"ZNG1B","green"
"RAB6C-AS1","green"
"PLEKHB2","green"
"INPP1","green"
"COQ10B","green"
"IGFBP5","green"
"DNAJB2","green"
"CHPF","green"
"PID1","green"
"TRPM8","green"
"OXNAD1","green"
"TTC21A","green"
"SYNPR","green"
"SUCLG2-DT","green"
"LINC00960","green"
"ENSG00000240086","green"
"PLSCR5","green"
"BCHE","green"
"LINC02482","green"
"ENSG00000287778","green"
"COMMD8","green"
"NPFFR2","green"
"THAP9-AS1","green"
"SCRG1","green"
"C4orf47","green"
"NSUN2","green"
"MARCHF11","green"
"NADK2","green"
"ARHGEF28","green"
"FAM174A","green"
"REEP5","green"
"SLC22A5","green"
"SPOCK1","green"
"PCDHA4","green"
"STK32A","green"
"TPMT","green"
"C6orf136","green"
"HSPA1L","green"
"MMUT","green"
"GCLC","green"
"NDUFAF4","green"
"SLC18B1","green"
"FUCA2","green"
"LPAL2","green"
"SFT2D1","green"
"GARS1","green"
"CROT","green"
"MYOM2","green"
"AP3M2","green"
"CHCHD7","green"
"FABP5","green"
"DECR1","green"
"MAL2","green"
"ENSG00000286282","green"
"CCN3","green"
"GPAA1","green"
"ENSG00000290885","green"
"ENSG00000291181","green"
"ENSG00000288891","green"
"ASTN2","green"
"ENSG00000285820","green"
"PTGDS","green"
"GAD2","green"
"ZNF365","green"
"RNLS","green"
"SORCS3","green"
"LINC02666","green"
"NAV2-AS6","green"
"BBOX1-AS1","green"
"LMO2","green"
"SLC3A2","green"
"FKBP2","green"
"CCDC85B","green"
"YIF1A","green"
"CCS","green"
"LINC02754","green"
"USP2","green"
"COPS7A","green"
"CD163L1","green"
"SLCO1A2","green"
"CPNE8","green"
"RXYLT1","green"
"LINC02389","green"
"GLIPR1","green"
"POLR3B","green"
"P2RX7","green"
"ENSG00000278291","green"
"SPRYD7","green"
"HEATR5A","green"
"NRXN3","green"
"ENSG00000258637","green"
"MOAP1","green"
"GPR176","green"
"MAP1A","green"
"CKMT1A","green"
"FAM81A","green"
"UBAP1L","green"
"RPP25","green"
"MESP1","green"
"ERVK13-1","green"
"GRIN2A","green"
"NOMO1","green"
"GPR139","green"
"PYDC1","green"
"TRADD","green"
"CALB2","green"
"SYCE1L","green"
"LINC02182","green"
"UBB","green"
"MED9","green"
"ENSG00000290430","green"
"SLC25A39","green"
"ENSG00000291175","green"
"PNPO","green"
"SLC35B1","green"
"HLF","green"
"PCTP","green"
"H3-3B","green"
"MFSD11","green"
"CLUL1","green"
"LINC00526","green"
"ENSG00000266846","green"
"L3MBTL4","green"
"FDX2","green"
"SDHAF1","green"
"FAM98C","green"
"CEACAM16-AS1","green"
"LAMP5-AS1","green"
"FAM182A","green"
"SLC32A1","green"
"RBM11","green"
"RFPL1S","green"
"PICK1","green"
"ENSG00000289007","green"
"ENSG00000238178","green"
"REPS2","green"
"MAOA","green"
"CENPVL3","green"
"MAGEH1","green"
"FAM226B","green"
"NAP1L3","green"
"RADX","green"
"TRPC5","green"
"DCAF12L2","green"
"ENSG00000269993","green"
"PNMA6F","green"
"PNCK","green"
"F8","green"
"RERE","greenyellow"
"KHDRBS1","greenyellow"
"AK2","greenyellow"
"PIK3R3","greenyellow"
"CCDC18","greenyellow"
"MEX3A","greenyellow"
"PBX1","greenyellow"
"KDM5B","greenyellow"
"H3-3A","greenyellow"
"HNRNPU","greenyellow"
"NBAS","greenyellow"
"SMC6","greenyellow"
"SLC30A6","greenyellow"
"NDUFAF7","greenyellow"
"SRSF7","greenyellow"
"ALMS1","greenyellow"
"LINC01117","greenyellow"
"PTMA","greenyellow"
"TRAK1","greenyellow"
"ANO10","greenyellow"
"SMARCC1","greenyellow"
"SENP7","greenyellow"
"PAK2","greenyellow"
"LIMCH1","greenyellow"
"HNRNPD","greenyellow"
"HNRNPDL","greenyellow"
"H2AZ1","greenyellow"
"BBS7","greenyellow"
"MND1","greenyellow"
"HMGB2","greenyellow"
"MRPS27","greenyellow"
"HNRNPA0","greenyellow"
"TUBB","greenyellow"
"HDAC2","greenyellow"
"CEP43","greenyellow"
"CYTH3","greenyellow"
"FAM133B","greenyellow"
"GPC2","greenyellow"
"TTC26","greenyellow"
"ZFAND1","greenyellow"
"ATAD2","greenyellow"
"KHDRBS3","greenyellow"
"HNRNPK","greenyellow"
"SET","greenyellow"
"WDR5","greenyellow"
"CACNA1B","greenyellow"
"KIAA1217","greenyellow"
"RTKN2","greenyellow"
"LCOR","greenyellow"
"NOLC1","greenyellow"
"SMC3","greenyellow"
"RASGRP2","greenyellow"
"EI24","greenyellow"
"PTMS","greenyellow"
"SLC2A3","greenyellow"
"BCL2L14","greenyellow"
"HNRNPA1","greenyellow"
"ATP2B1","greenyellow"
"TMPO","greenyellow"
"TMX1","greenyellow"
"ENTPD5","greenyellow"
"PKM","greenyellow"
"ARIH1","greenyellow"
"GGA2","greenyellow"
"TUBB3","greenyellow"
"KANSL1","greenyellow"
"CBX1","greenyellow"
"NME2","greenyellow"
"SKA2","greenyellow"
"USP36","greenyellow"
"PYCR1","greenyellow"
"SMARCA4","greenyellow"
"PRDX2","greenyellow"
"RUVBL2","greenyellow"
"MBOAT7","greenyellow"
"SON","greenyellow"
"GRK3","greenyellow"
"PHF21B","greenyellow"
"TMSB15A","greenyellow"
"IRX1","lightcyan"
"TGFBI","lightcyan"
"PCDHB5","lightcyan"
"PCDHGA3","lightcyan"
"ENSG00000287279","lightcyan"
"MARCKS","lightcyan"
"LAMB1","lightcyan"
"STMP1","lightcyan"
"DPP6","lightcyan"
"UNC5D","lightcyan"
"ENSG00000286693","lightcyan"
"MGAT4C","lightcyan"
"SLC8A3","lightcyan"
"GSG1L","lightcyan"
"ZNF439","lightcyan"
"ZNF506","lightcyan"
"ZNF737","lightcyan"
"ZNF677","lightcyan"
"ZNF667","lightcyan"
"DSCAM","lightcyan"
"RCAN3","magenta"
"YARS1","magenta"
"WLS","magenta"
"PKN2-AS1","magenta"
"RHOC","magenta"
"CHRM3","magenta"
"CEBPZOS","magenta"
"MEIS1","magenta"
"CD8A","magenta"
"CFAP221","magenta"
"RAPGEF4","magenta"
"NPPC","magenta"
"BOK","magenta"
"KCNH8","magenta"
"MYH15","magenta"
"ENSG00000289986","magenta"
"PTX3","magenta"
"MLF1","magenta"
"MAP3K13","magenta"
"CAMK2D","magenta"
"NUDT6","magenta"
"LINC01091","magenta"
"SLC7A11","magenta"
"ENSG00000249679","magenta"
"ZDHHC11B","magenta"
"IRX2","magenta"
"IRX2-DT","magenta"
"PARP8","magenta"
"BTF3","magenta"
"EDIL3","magenta"
"NR2F1-AS1","magenta"
"TMEM232","magenta"
"ENSG00000249112","magenta"
"LINC02240","magenta"
"ARHGAP26","magenta"
"PPARGC1B","magenta"
"EBF1","magenta"
"BCKDHB","magenta"
"TENT5A","magenta"
"MRAP2","magenta"
"ANKRD6","magenta"
"STXBP5-AS1","magenta"
"ENSG00000237773","magenta"
"OSBPL3","magenta"
"CFAP69","magenta"
"NPTX2","magenta"
"ACHE","magenta"
"COL26A1","magenta"
"CRISPLD1","magenta"
"LURAP1L-AS1","magenta"
"LURAP1L","magenta"
"ADAMTSL1","magenta"
"CNTNAP3B","magenta"
"HABP4","magenta"
"PALM2AKAP2","magenta"
"SVEP1","magenta"
"ASTN2-AS1","magenta"
"PBX3","magenta"
"VIM","magenta"
"LRMDA","magenta"
"RBM20","magenta"
"ABLIM1","magenta"
"NELL1","magenta"
"SYT13","magenta"
"ENSG00000291189","magenta"
"ENSG00000284634","magenta"
"RASSF8","magenta"
"SLC2A13","magenta"
"PRICKLE1","magenta"
"TMEM117","magenta"
"PDE1B","magenta"
"PPM1H","magenta"
"ENSG00000289218","magenta"
"BTG1","magenta"
"LINC02397","magenta"
"RMST","magenta"
"C12orf75","magenta"
"ABTB3","magenta"
"KSR2","magenta"
"FZD10-AS1","magenta"
"WASF3","magenta"
"CCDC122","magenta"
"DNAJC3-DT","magenta"
"NALCN","magenta"
"FGF14","magenta"
"MDGA2","magenta"
"SRSF5","magenta"
"PPP4R4","magenta"
"EIF5","magenta"
"LINC02250","magenta"
"CHP1","magenta"
"PEAK1","magenta"
"LETR1","magenta"
"BAIAP3","magenta"
"PRKCB","magenta"
"CDH8","magenta"
"GABARAP","magenta"
"SOX15","magenta"
"ITGA3","magenta"
"SCPEP1","magenta"
"MSI2","magenta"
"ERN1","magenta"
"MBP","magenta"
"AP3D1","magenta"
"NKAIN4","magenta"
"SYN3","magenta"
"DACH2","magenta"
"LINC03077","magenta"
"TCEAL7","magenta"
"KLHL13","magenta"
"MT-ND4L","magenta"
"MT-ND4","magenta"
"ATAD3B","midnightblue"
"SVBP","midnightblue"
"ACADM","midnightblue"
"PLEKHH2","midnightblue"
"ETAA1","midnightblue"
"ENSG00000291142","midnightblue"
"BRK1","midnightblue"
"CNOT10","midnightblue"
"IQCB1","midnightblue"
"COL25A1","midnightblue"
"FAT1","midnightblue"
"ENSG00000291113","midnightblue"
"CCDC167","midnightblue"
"RPF2","midnightblue"
"THSD7A","midnightblue"
"GALNT12","midnightblue"
"DNAJC25","midnightblue"
"DNAJC1","midnightblue"
"LTA4H","midnightblue"
"GANC","midnightblue"
"LINC02693","midnightblue"
"COASY","midnightblue"
"SMCHD1","midnightblue"
"ENSG00000267063","midnightblue"
"SLC35E1","midnightblue"
"PPDPF","midnightblue"
"DONSON","midnightblue"
"SHROOM2","midnightblue"
"PRDX4","midnightblue"
"MAGEC3","midnightblue"
"FAM131C","pink"
"FUCA1","pink"
"AK4","pink"
"DDAH1","pink"
"KCNC4","pink"
"LINC01138","pink"
"ENSG00000291232","pink"
"LINC00869","pink"
"C1orf54","pink"
"THEM4","pink"
"CREG1","pink"
"CD55","pink"
"SUSD4","pink"
"ACTN2","pink"
"LRATD1","pink"
"SLC30A3","pink"
"SOCS5","pink"
"CCDC85A","pink"
"C2orf74","pink"
"NPAS2","pink"
"DPP10","pink"
"DPP10-AS3","pink"
"DPP10-AS1","pink"
"THSD7B","pink"
"ERICH2","pink"
"CALCRL","pink"
"PARD3B","pink"
"ENSG00000279317","pink"
"SCG2","pink"
"RBMS3-AS2","pink"
"RBMS3-AS1","pink"
"ENSG00000286353","pink"
"CACNA2D3","pink"
"CACNA2D3-AS1","pink"
"LRTM1","pink"
"ALCAM","pink"
"PDIA5","pink"
"IQCJ","pink"
"VWA5B2","pink"
"ATP8A1","pink"
"ENSG00000251488","pink"
"SCOC","pink"
"NR3C2","pink"
"TMEM267","pink"
"LINC01340","pink"
"P4HA2","pink"
"MGAT4B","pink"
"ATXN1","pink"
"LINC00240","pink"
"SLC25A27","pink"
"MAP7","pink"
"OLIG3","pink"
"GRM1","pink"
"PRKN","pink"
"TMEM196","pink"
"UPP1","pink"
"SDHAF3","pink"
"SMKR1","pink"
"ENSG00000271204","pink"
"TACC1","pink"
"ENSG00000253992","pink"
"TLE1","pink"
"PTPN3","pink"
"JCAD","pink"
"RASSF4","pink"
"UNC5B","pink"
"PLPP4","pink"
"ACADSB","pink"
"SYT9","pink"
"SYT9-AS1","pink"
"DGKZ","pink"
"JHY","pink"
"NRGN","pink"
"CD27-AS1","pink"
"LINC00937","pink"
"SLC48A1","pink"
"IGFBP6","pink"
"DDIT3","pink"
"GNS","pink"
"TBC1D30","pink"
"CAPS2","pink"
"ISCU","pink"
"ENSG00000291041","pink"
"PCDH9","pink"
"PCDH9-AS1","pink"
"PPP1R3E","pink"
"SPTB","pink"
"RGS6","pink"
"EML5","pink"
"CYP46A1","pink"
"CHRNA7","pink"
"CTXN2-AS1","pink"
"CCPG1","pink"
"TCF12-DT","pink"
"MAP2K5","pink"
"SKOR1","pink"
"DRAIC","pink"
"CPEB1","pink"
"PDE8A","pink"
"MCRIP2","pink"
"NDRG4","pink"
"TERF2IP","pink"
"CDK10","pink"
"VPS9D1","pink"
"ENSG00000290366","pink"
"ASIC2","pink"
"IGFBP4","pink"
"WNT3","pink"
"SEPTIN4","pink"
"ENSG00000267248","pink"
"RGS9","pink"
"ARSG","pink"
"ANKRD29","pink"
"RAB27B","pink"
"MC4R","pink"
"CDH7","pink"
"GRIN2D","pink"
"PCED1A","pink"
"LANCL3","pink"
"IL1RAPL2","pink"
"TENM1","pink"
"LINC00632","pink"
"CACHD1","purple"
"DNAJC6","purple"
"VAV3","purple"
"DNM3","purple"
"PSEN2","purple"
"TRIM67","purple"
"PDE11A","purple"
"SPATS2L","purple"
"ENSG00000287299","purple"
"RBMS3","purple"
"STAC","purple"
"CACNA2D2","purple"
"LINC00882","purple"
"MCF2L2","purple"
"P3H2-AS1","purple"
"SLIT2","purple"
"KCNIP4","purple"
"ENSG00000250243","purple"
"KIT","purple"
"GPRIN3","purple"
"UNC5C","purple"
"UNC5C-AS1","purple"
"PRSS12","purple"
"NDNF","purple"
"SV2C","purple"
"DOCK2","purple"
"RIPOR2","purple"
"ENSG00000291112","purple"
"KHDRBS2-OT1","purple"
"KHDRBS2","purple"
"COL12A1","purple"
"TMEM200A","purple"
"LINC01013","purple"
"PDE7B","purple"
"NXPH1","purple"
"RAPGEF5","purple"
"SNX10","purple"
"VWC2","purple"
"VGF","purple"
"RELN","purple"
"COPG2IT1","purple"
"CHRM2","purple"
"EPHB6","purple"
"SGCZ","purple"
"MTUS1","purple"
"EBF2","purple"
"ANK1","purple"
"NTRK2","purple"
"GRIN3A","purple"
"EPB41L4B","purple"
"PLXDC2","purple"
"PCDH15","purple"
"PAX2","purple"
"EBF3","purple"
"CREB3L1","purple"
"FADS3","purple"
"SYTL2","purple"
"GUCY1A2","purple"
"NECTIN1","purple"
"PCDH9-AS2","purple"
"KCTD12","purple"
"HS6ST3","purple"
"ENSG00000258081","purple"
"LINC02294","purple"
"ENSG00000286479","purple"
"LINC00645","purple"
"LRFN5","purple"
"CATSPER2","purple"
"ATP8B4","purple"
"TMEM266","purple"
"ENSG00000265125","purple"
"SLFN5","purple"
"PLXDC1","purple"
"GNAL","purple"
"ASXL3","purple"
"MISP3","purple"
"ZNF728","purple"
"ENSG00000267605","purple"
"LINC01535","purple"
"FLRT3","purple"
"PPP1R16B","purple"
"PTPRT","purple"
"KCNJ6","purple"
"MID2","purple"
"GABRA3","purple"
"MT-ND2","purple"
"MT-ND5","purple"
"SDF4","red"
"INTS11","red"
"NBL1","red"
"LEPR","red"
"ARNT","red"
"TDRKH-AS1","red"
"DAP3","red"
"ODR4","red"
"TMEM9","red"
"TRAF5","red"
"NENF","red"
"SF3B6","red"
"OTOF","red"
"IFT172","red"
"FOSL2","red"
"TTC27","red"
"CLHC1","red"
"ANAPC1","red"
"C2orf27A","red"
"GPD2","red"
"TANC1","red"
"HAT1","red"
"DNAJC10","red"
"HIBCH","red"
"KCTD18","red"
"ABHD5","red"
"CPOX","red"
"ENSG00000284624","red"
"LINC02614","red"
"COPG1","red"
"SRPRB","red"
"SLC35G2","red"
"NMD3","red"
"MCCC1","red"
"EIF4G1","red"
"LYAR","red"
"FRG1-DT","red"
"ENSG00000286753","red"
"GUSBP1","red"
"SLC30A5","red"
"C1QTNF2","red"
"ENSG00000248367","red"
"ELOVL5","red"
"RAB23","red"
"TMEM30A-DT","red"
"HACE1","red"
"CHCHD2","red"
"TPST1","red"
"DLX5","red"
"ORC5","red"
"ENSG00000225457","red"
"ARHGEF10","red"
"FAM66B","red"
"PIWIL2-DT","red"
"SLC25A37","red"
"SLC25A32","red"
"DCAF13","red"
"NTAQ1","red"
"LNCOC1","red"
"THEM6","red"
"DGAT1","red"
"ENSG00000283886","red"
"ENSG00000291011","red"
"SPTLC1","red"
"PCAT7","red"
"ECPAS","red"
"ENSG00000290588","red"
"AKR1E2","red"
"ANKRD26","red"
"LRRTM3","red"
"FRA10AC1","red"
"RRP12","red"
"XPNPEP1","red"
"INSYN2A","red"
"SIGIRR","red"
"MRPL17","red"
"UBXN1","red"
"ENSG00000291174","red"
"GSTP1","red"
"KLHL35","red"
"UVRAG","red"
"TAF1D","red"
"SLC38A2","red"
"NTS","red"
"NT5DC3","red"
"ALDH1L2","red"
"RILPL1","red"
"IFT88","red"
"CENPJ","red"
"RNASEH2B-AS1","red"
"TGDS","red"
"REC8","red"
"SEC23A","red"
"VIPAS39","red"
"ENSG00000287122","red"
"HERC2P7","red"
"PDCD7","red"
"ANKRD34C-AS1","red"
"GOLGA6L10","red"
"POLR3K","red"
"NTHL1","red"
"ABCC1","red"
"NSMCE1","red"
"COQ9","red"
"NPIPB15","red"
"MYO1C","red"
"CAMTA2","red"
"PIGL","red"
"LASP1NB","red"
"NSF","red"
"ENSG00000264112","red"
"CCDC47","red"
"LAMA3","red"
"ST8SIA5","red"
"ZNF558","red"
"IER2","red"
"DDX39A","red"
"URI1","red"
"ZNF135","red"
"ENSG00000287569","red"
"USP25","red"
"ENSG00000224541","red"
"C2CD2","red"
"PFKL","red"
"C22orf39","red"
"MRPL40","red"
"UFD1","red"
"RTL10","red"
"TXNRD2","red"
"TRMT2A","red"
"DGCR6L","red"
"SCARF2","red"
"LZTR1","red"
"THAP7","red"
"THAP7-AS1","red"
"CTPS2","red"
"STARD8","red"
"GPRASP2","red"
"MORC4","red"
"DCX","red"
"SLC25A5","red"
"RTL8A","red"
"JUN","salmon"
"AK5","salmon"
"CCDC18-AS1","salmon"
"AGL","salmon"
"SLC22A15","salmon"
"PPOX","salmon"
"TTC7A","salmon"
"MEIS1-AS2","salmon"
"LINC01829","salmon"
"ST3GAL5","salmon"
"MGAT4A","salmon"
"STRADB","salmon"
"TXNRD3","salmon"
"LINC01322","salmon"
"NCEH1","salmon"
"SST","salmon"
"PPARGC1A","salmon"
"ENSG00000289201","salmon"
"PPM1K","salmon"
"C4orf3","salmon"
"NDNF-AS1","salmon"
"LINC02234","salmon"
"ENSG00000248752","salmon"
"RBM24","salmon"
"ADGRB3-DT","salmon"
"LIN28B-AS1","salmon"
"RNF217","salmon"
"SAMD3","salmon"
"RNASET2","salmon"
"CHN2","salmon"
"ZNHIT1","salmon"
"ADAM28","salmon"
"NEFM","salmon"
"EMC2","salmon"
"PCSK5","salmon"
"ZNF483","salmon"
"HACD1","salmon"
"STAMBPL1","salmon"
"GALNT18","salmon"
"KCNA4","salmon"
"WSCD2","salmon"
"ENSG00000285588","salmon"
"NOVA1-DT","salmon"
"TTC8","salmon"
"TJP1","salmon"
"MINAR1","salmon"
"FAH","salmon"
"ENSG00000261502","salmon"
"LRRC36","salmon"
"PSMB10","salmon"
"SLC26A11","salmon"
"OSBPL1A","salmon"
"SH3BGRL","salmon"
"FAM133A","salmon"
"TSC22D3","salmon"
"RPL22","tan"
"ARID1A","tan"
"NASP","tan"
"TUT4","tan"
"SSBP3","tan"
"CSDE1","tan"
"LINC01473","tan"
"XRCC5","tan"
"IRS1","tan"
"NCL","tan"
"HDAC4","tan"
"RPL32","tan"
"TAGLN3","tan"
"NDUFB4","tan"
"RPL34","tan"
"HSPA4L","tan"
"GALNT7","tan"
"FRG1","tan"
"RPL37","tan"
"TNPO1","tan"
"PAIP2","tan"
"DEK","tan"
"SRSF3","tan"
"PHACTR2","tan"
"MTHFD1L","tan"
"ENSG00000230333","tan"
"PPIA","tan"
"GRB10","tan"
"RUNX1T1","tan"
"ENSG00000291075","tan"
"RBM4","tan"
"PRSS23-AS1","tan"
"FAT3","tan"
"CBX5","tan"
"MYL6B","tan"
"CCT2","tan"
"NAP1L1","tan"
"SNRPF","tan"
"SRSF9","tan"
"GLT1D1","tan"
"ZC3H13","tan"
"DACH1","tan"
"PRMT5","tan"
"FKBP3","tan"
"TMED8","tan"
"CFDP1","tan"
"KPNA2","tan"
"RPL38","tan"
"SNRPD1","tan"
"PET100","tan"
"RPS28","tan"
"PHF20","tan"
"TOP1","tan"
"MYT1","tan"
"MN1","tan"
"SYNGR1","tan"
"UXT","tan"
"NONO","tan"
"RPL36A","tan"
"RPL39","tan"
"RBMX","tan"
"CCNL2","turquoise"
"VWA1","turquoise"
"PRKCZ","turquoise"
"PANK4","turquoise"
"ENO1","turquoise"
"CTNNBIP1","turquoise"
"ENSG00000285646","turquoise"
"VPS13D","turquoise"
"DNAJC16","turquoise"
"CROCCP3","turquoise"
"SDHB","turquoise"
"HP1BP3","turquoise"
"USP48","turquoise"
"MAN1C1","turquoise"
"STMN1","turquoise"
"MARCKSL1","turquoise"
"HPCA","turquoise"
"ZMYM6","turquoise"
"C1orf216","turquoise"
"C1orf109","turquoise"
"EPHA10","turquoise"
"RLF","turquoise"
"ZMPSTE24-DT","turquoise"
"ZFP69","turquoise"
"EXO5-DT","turquoise"
"EXO5","turquoise"
"FOXO6","turquoise"
"RIMKLA","turquoise"
"PPIH","turquoise"
"EIF2B3","turquoise"
"PRDX1","turquoise"
"EPS15-AS1","turquoise"
"RAB3B","turquoise"
"GPX7","turquoise"
"USP24","turquoise"
"MYSM1","turquoise"
"ENSG00000231252","turquoise"
"NFIA","turquoise"
"NFIA-AS2","turquoise"
"ATG4C","turquoise"
"PGM1","turquoise"
"LRRC7","turquoise"
"ST6GALNAC3","turquoise"
"ST6GALNAC5","turquoise"
"TTLL7","turquoise"
"SSX2IP","turquoise"
"PKN2","turquoise"
"CDC7","turquoise"
"GLMN","turquoise"
"PLPPR5","turquoise"
"PLPPR4","turquoise"
"PALMD","turquoise"
"TRMT13","turquoise"
"COL11A1","turquoise"
"EEIG2","turquoise"
"HENMT1","turquoise"
"ELAPOR1","turquoise"
"CEPT1","turquoise"
"SLC16A1-AS1","turquoise"
"AP4B1-AS1","turquoise"
"VANGL1","turquoise"
"NHLH2","turquoise"
"PTGFRN","turquoise"
"NOTCH2","turquoise"
"SRGAP2C","turquoise"
"NBPF20","turquoise"
"HJV","turquoise"
"NBPF9","turquoise"
"H2AC20","turquoise"
"MLLT11","turquoise"
"ENSG00000249602","turquoise"
"ATP1A2","turquoise"
"NOS1AP","turquoise"
"HSD17B7","turquoise"
"ABL2","turquoise"
"CACNA1E","turquoise"
"COLGALT2","turquoise"
"EDEM3","turquoise"
"UCHL5","turquoise"
"CRB1","turquoise"
"DENND1B","turquoise"
"TIMM17A","turquoise"
"PPFIA4","turquoise"
"ENSG00000286619","turquoise"
"PM20D1","turquoise"
"SRGAP2","turquoise"
"MARK1","turquoise"
"CDC42BPA","turquoise"
"GALNT2","turquoise"
"EGLN1","turquoise"
"ARID4B","turquoise"
"TBCE","turquoise"
"B3GALNT2","turquoise"
"MTR","turquoise"
"ZBTB18","turquoise"
"SMYD3","turquoise"
"MYT1L","turquoise"
"MYT1L-AS1","turquoise"
"SOX11","turquoise"
"ITGB1BP1","turquoise"
"IAH1","turquoise"
"TAF1B","turquoise"
"NOL10","turquoise"
"CYRIA","turquoise"
"LAPTM4A","turquoise"
"FKBP1B","turquoise"
"ADCY3","turquoise"
"EFR3B","turquoise"
"FAM98A","turquoise"
"PRKD3","turquoise"
"SRBD1","turquoise"
"KCNK12","turquoise"
"PPP1R21-DT","turquoise"
"ENSG00000231918","turquoise"
"CCDC88A","turquoise"
"FANCL","turquoise"
"PAPOLG","turquoise"
"XPO1","turquoise"
"B3GNT2","turquoise"
"ENSG00000226605","turquoise"
"VPS54","turquoise"
"LINC02245","turquoise"
"LINC02934","turquoise"
"MCEE","turquoise"
"EMX1","turquoise"
"HK2","turquoise"
"POLE4","turquoise"
"TACR1","turquoise"
"ENSG00000270571","turquoise"
"GCFC2","turquoise"
"ANKRD36BP2","turquoise"
"APPAT","turquoise"
"ANKRD36B","turquoise"
"INPP4A","turquoise"
"AFF3","turquoise"
"LINC01965","turquoise"
"PANTR1","turquoise"
"POU3F3","turquoise"
"UXS1","turquoise"
"ENSG00000233339","turquoise"
"SH3RF3","turquoise"
"MTLN","turquoise"
"FBLN7","turquoise"
"RGPD8","turquoise"
"TTL","turquoise"
"SLC35F5","turquoise"
"INSIG2","turquoise"
"PTPN4","turquoise"
"ENSG00000290591","turquoise"
"POTEF","turquoise"
"MED15P9","turquoise"
"IMP4","turquoise"
"PTPN18","turquoise"
"ENSG00000290596","turquoise"
"ENSG00000290654","turquoise"
"ARHGAP15","turquoise"
"GTDC1","turquoise"
"ZEB2","turquoise"
"ACVR1","turquoise"
"PKP4","turquoise"
"WDSUB1","turquoise"
"KCNH7","turquoise"
"KCNH7-AS1","turquoise"
"FASTKD1","turquoise"
"UBR3","turquoise"
"TLK1","turquoise"
"DYNC1I2","turquoise"
"SLC25A12","turquoise"
"PDK1","turquoise"
"PPP1R1C","turquoise"
"PDE1A","turquoise"
"ZNF804A","turquoise"
"ITGAV","turquoise"
"GULP1","turquoise"
"WDR75","turquoise"
"ENSG00000284052","turquoise"
"NAB1","turquoise"
"GLS","turquoise"
"PGAP1","turquoise"
"ANKRD44","turquoise"
"SATB2","turquoise"
"LINC01877","turquoise"
"C2orf69","turquoise"
"HYCC2","turquoise"
"NDUFS1","turquoise"
"LANCL1","turquoise"
"MARCHF4","turquoise"
"IGFBP2","turquoise"
"DIRC3-AS1","turquoise"
"FARSB","turquoise"
"RHBDD1","turquoise"
"ENSG00000241409","turquoise"
"SNORC","turquoise"
"DGKD","turquoise"
"LINC01237","turquoise"
"ENSG00000291147","turquoise"
"TSEN2","turquoise"
"MKRN2OS","turquoise"
"TMEM43","turquoise"
"MRPS25","turquoise"
"HACL1","turquoise"
"BTD","turquoise"
"ANKRD28","turquoise"
"EFHB","turquoise"
"OXSM","turquoise"
"LRRC3B","turquoise"
"EOMES","turquoise"
"OSBPL10","turquoise"
"LINC01811","turquoise"
"ARPP21","turquoise"
"XYLB","turquoise"
"EIF1B","turquoise"
"SNRK","turquoise"
"TMEM42","turquoise"
"TMEM158","turquoise"
"LIMD1","turquoise"
"ZNF589","turquoise"
"PFKFB4","turquoise"
"INKA1","turquoise"
"CAMKV","turquoise"
"TWF2","turquoise"
"NT5DC2","turquoise"
"SFMBT1","turquoise"
"ARHGEF3","turquoise"
"IL17RD","turquoise"
"SLMAP","turquoise"
"FLNB","turquoise"
"ABHD6","turquoise"
"PXK","turquoise"
"FAM107A","turquoise"
"PTPRG","turquoise"
"FEZF2","turquoise"
"ADAMTS9-AS2","turquoise"
"UBA3","turquoise"
"FRMD4B","turquoise"
"ZNF717","turquoise"
"ROBO2","turquoise"
"ZNF654","turquoise"
"NIT2","turquoise"
"CD47","turquoise"
"GRAMD1C","turquoise"
"TMEM39A","turquoise"
"FAM162A","turquoise"
"ADCY5","turquoise"
"HACD2","turquoise"
"KALRN","turquoise"
"MGLL","turquoise"
"SEC61A1","turquoise"
"PLXND1","turquoise"
"TMEM108","turquoise"
"CEP63","turquoise"
"PIK3CB","turquoise"
"RASA2","turquoise"
"ATP1B3","turquoise"
"GK5","turquoise"
"ATR","turquoise"
"SIAH2","turquoise"
"ENSG00000287916","turquoise"
"B3GALNT1","turquoise"
"NLGN1","turquoise"
"MFN1","turquoise"
"GNB4","turquoise"
"ATP11B","turquoise"
"ECE2","turquoise"
"FAM131A","turquoise"
"RPL39L","turquoise"
"MASP1","turquoise"
"MB21D2","turquoise"
"HES1","turquoise"
"ATP13A3","turquoise"
"LSG1","turquoise"
"SDHAP1","turquoise"
"RNF168","turquoise"
"SDHAP4","turquoise"
"UVSSA","turquoise"
"SLBP","turquoise"
"GRK4","turquoise"
"ENSG00000170846","turquoise"
"ZNF518B","turquoise"
"QDPR","turquoise"
"PACRGL","turquoise"
"ANAPC4","turquoise"
"SEL1L3","turquoise"
"STIM2","turquoise"
"LINC02506","turquoise"
"ENSG00000286212","turquoise"
"ARAP2","turquoise"
"RELL1","turquoise"
"TBC1D1","turquoise"
"GABRA4","turquoise"
"HOPX","turquoise"
"CENPC","turquoise"
"SDAD1","turquoise"
"SEPTIN11","turquoise"
"CCNI","turquoise"
"TMEM150C","turquoise"
"HERC3","turquoise"
"SNCA","turquoise"
"RAP1GDS1","turquoise"
"METAP1","turquoise"
"NFKB1","turquoise"
"INTS12","turquoise"
"HADH","turquoise"
"ELOVL6","turquoise"
"ALPK1","turquoise"
"ENSG00000291203","turquoise"
"FAT4","turquoise"
"MFSD8","turquoise"
"ABHD18","turquoise"
"PGRMC2","turquoise"
"SCLT1","turquoise"
"LINC02511","turquoise"
"SETD7","turquoise"
"ENSG00000286896","turquoise"
"QKILA","turquoise"
"MAML3","turquoise"
"ABCE1","turquoise"
"GUCY1B1","turquoise"
"GLRB","turquoise"
"SNX25","turquoise"
"LRP2BP","turquoise"
"ANKRD37","turquoise"
"FAM149A","turquoise"
"SDHA","turquoise"
"CLPTM1L","turquoise"
"ICE1","turquoise"
"UBE2QL1","turquoise"
"MTRR","turquoise"
"CTNND2","turquoise"
"RETREG1","turquoise"
"MYO10","turquoise"
"RAI14","turquoise"
"LMBRD2","turquoise"
"C5orf34","turquoise"
"ITGA2","turquoise"
"DIMT1","turquoise"
"ENSG00000290560","turquoise"
"MAP1B","turquoise"
"UTP15","turquoise"
"MSH3","turquoise"
"ATG10","turquoise"
"LINC02488","turquoise"
"LINC02144","turquoise"
"ENSG00000287862","turquoise"
"TMEM161B-DT","turquoise"
"MEF2C","turquoise"
"MEF2C-AS1","turquoise"
"ARSK","turquoise"
"CAMK4","turquoise"
"ENSG00000248268","turquoise"
"STARD4","turquoise"
"STARD4-AS1","turquoise"
"NREP","turquoise"
"AP3S1","turquoise"
"CEP120","turquoise"
"ADAMTS19-AS1","turquoise"
"ADAMTS19","turquoise"
"ENSG00000251680","turquoise"
"CHSY3","turquoise"
"LYRM7","turquoise"
"FNIP1","turquoise"
"TXNDC15","turquoise"
"ZMAT2","turquoise"
"PCDHB2","turquoise"
"PCDHB16","turquoise"
"PCDHGB6","turquoise"
"MFAP3","turquoise"
"NUDCD2","turquoise"
"WWC1","turquoise"
"NEURL1B","turquoise"
"SFXN1","turquoise"
"SIMC1","turquoise"
"SNCB","turquoise"
"ENSG00000291283","turquoise"
"ENSG00000290968","turquoise"
"ZNF354A","turquoise"
"ZNF454","turquoise"
"RASGEF1C","turquoise"
"MAPK9","turquoise"
"HEIH","turquoise"
"LINC00847","turquoise"
"TUBB2B","turquoise"
"SLC22A23","turquoise"
"FAM50B","turquoise"
"NRN1","turquoise"
"RIOK1","turquoise"
"SNRNP48","turquoise"
"SIRT5","turquoise"
"CAP2","turquoise"
"KDM1B","turquoise"
"E2F3","turquoise"
"CDKAL1","turquoise"
"SOX4","turquoise"
"CARMIL1","turquoise"
"H3C2","turquoise"
"GUSBP2","turquoise"
"H2BC15","turquoise"
"DDAH2","turquoise"
"HSPA1A","turquoise"
"TSBP1-AS1","turquoise"
"HLA-DRB1","turquoise"
"HLA-DQB1","turquoise"
"ENSG00000289100","turquoise"
"GUCA1A","turquoise"
"LRRC1","turquoise"
"MLIP","turquoise"
"EYS","turquoise"
"FAM135A","turquoise"
"SMAP1","turquoise"
"B3GAT2","turquoise"
"KCNQ5","turquoise"
"KHDC1L","turquoise"
"KHDC1","turquoise"
"KHDC1-AS1","turquoise"
"KHDC3L","turquoise"
"SLC17A5","turquoise"
"HMGN3","turquoise"
"IBTK","turquoise"
"SNAP91","turquoise"
"RIPPLY2","turquoise"
"CYB5R4","turquoise"
"SLC35A1","turquoise"
"SRSF12","turquoise"
"GPR63","turquoise"
"ARMC2","turquoise"
"REV3L","turquoise"
"CALHM6","turquoise"
"SLC35F1","turquoise"
"AKAP7","turquoise"
"REPS1","turquoise"
"SHPRH","turquoise"
"STXBP5","turquoise"
"EZR","turquoise"
"LPA","turquoise"
"ENSG00000227598","turquoise"
"LINC00574","turquoise"
"NUDT1","turquoise"
"ENSG00000234710","turquoise"
"DGKB","turquoise"
"HDAC9","turquoise"
"CDCA7L","turquoise"
"CYCS","turquoise"
"CBX3","turquoise"
"JAZF1","turquoise"
"SCRN1","turquoise"
"CRHR2","turquoise"
"NEUROD6","turquoise"
"RP9P","turquoise"
"FKBP9","turquoise"
"HECW1","turquoise"
"BLVRA","turquoise"
"CCM2","turquoise"
"FIGNL1","turquoise"
"SUMF2","turquoise"
"PHKG1","turquoise"
"ENSG00000286342","turquoise"
"TMEM248","turquoise"
"SPDYE21","turquoise"
"STX1A","turquoise"
"GTF2I-AS1","turquoise"
"HSPB1","turquoise"
"PHTF2","turquoise"
"SEMA3C","turquoise"
"SLC25A40","turquoise"
"DLX6-AS1","turquoise"
"ENSG00000291178","turquoise"
"PLOD3","turquoise"
"POLR2J3","turquoise"
"SLC26A5","turquoise"
"SRPK2","turquoise"
"PUS7","turquoise"
"RINT1","turquoise"
"CDHR3","turquoise"
"NAMPT","turquoise"
"GPR22","turquoise"
"BCAP29","turquoise"
"SLC26A4","turquoise"
"PNPLA8","turquoise"
"LINC03076","turquoise"
"TMEM168","turquoise"
"GPR85","turquoise"
"ANKRD7","turquoise"
"ING3","turquoise"
"PTPRZ1","turquoise"
"PLXNA4","turquoise"
"SLC37A3","turquoise"
"ADCK2","turquoise"
"ZNF783","turquoise"
"ATP6V0E2","turquoise"
"PRKAG2","turquoise"
"ACTR3B","turquoise"
"NOM1","turquoise"
"ESYT2","turquoise"
"DYNC2I1","turquoise"
"MCPH1-AS1","turquoise"
"FAM85B","turquoise"
"PINX1","turquoise"
"FAM66D","turquoise"
"ENSG00000255495","turquoise"
"ENSG00000283674","turquoise"
"ATP6V1B2","turquoise"
"PHYHIP","turquoise"
"PPP3CC","turquoise"
"GTF2E2","turquoise"
"WRN","turquoise"
"SFRP1","turquoise"
"GPAT4","turquoise"
"VDAC3","turquoise"
"MCM4","turquoise"
"PENK","turquoise"
"FAM110B","turquoise"
"LINC01301","turquoise"
"CLVS1","turquoise"
"ASPH","turquoise"
"NKAIN3","turquoise"
"GGH","turquoise"
"BHLHE22","turquoise"
"CSPP1","turquoise"
"PREX2","turquoise"
"C8orf34-AS1","turquoise"
"C8orf34","turquoise"
"JPH1","turquoise"
"LRRCC1","turquoise"
"NECAB1","turquoise"
"OTUD6B","turquoise"
"PTDSS1","turquoise"
"SNX31","turquoise"
"TMEM74","turquoise"
"TBC1D31","turquoise"
"KCNQ3","turquoise"
"SLA","turquoise"
"NDRG1","turquoise"
"ST3GAL1","turquoise"
"KCNK9","turquoise"
"LY6E","turquoise"
"NAPRT","turquoise"
"SMARCA2","turquoise"
"PUM3","turquoise"
"KDM4C","turquoise"
"MPDZ","turquoise"
"NFIB","turquoise"
"ENSG00000288876","turquoise"
"CNTLN","turquoise"
"SLC24A2","turquoise"
"TUSC1","turquoise"
"C9orf72","turquoise"
"ZCCHC7","turquoise"
"ZNG1E","turquoise"
"PTAR1","turquoise"
"CARNMT1","turquoise"
"VPS13A","turquoise"
"FRMD3","turquoise"
"AGTPBP1","turquoise"
"SHC3","turquoise"
"CENPP","turquoise"
"OGN","turquoise"
"OMD","turquoise"
"ECM2","turquoise"
"ZNF169","turquoise"
"MFSD14B","turquoise"
"ENSG00000286850","turquoise"
"FBP2","turquoise"
"ZNF782","turquoise"
"PLPPR1","turquoise"
"FSD1L","turquoise"
"TMEM38B","turquoise"
"ZNF462","turquoise"
"ELP1","turquoise"
"PTGR1","turquoise"
"SHOC1","turquoise"
"FKBP15","turquoise"
"LHX2","turquoise"
"SCAI","turquoise"
"SLC27A4","turquoise"
"ENDOG","turquoise"
"KYAT1","turquoise"
"FAM163B","turquoise"
"GRIN1","turquoise"
"NSMF","turquoise"
"PITRM1","turquoise"
"AKR1C2","turquoise"
"ANKRD16","turquoise"
"LINC02649","turquoise"
"ENSG00000289328","turquoise"
"CELF2","turquoise"
"SEC61A2","turquoise"
"NSUN6","turquoise"
"PIP4K2A","turquoise"
"ZNF248","turquoise"
"ENSG00000236514","turquoise"
"CSGALNACT2","turquoise"
"HNRNPF","turquoise"
"ZNF239","turquoise"
"TIMM23B","turquoise"
"SGMS1","turquoise"
"IPMK","turquoise"
"HERC4","turquoise"
"PALD1","turquoise"
"MCU","turquoise"
"P4HA1","turquoise"
"ADK","turquoise"
"POLR3A","turquoise"
"PLAC9","turquoise"
"PCGF5","turquoise"
"IDE","turquoise"
"LGI1","turquoise"
"SLC35G1","turquoise"
"SORBS1","turquoise"
"ENTPD1-AS1","turquoise"
"CC2D2B","turquoise"
"TM9SF3","turquoise"
"CWF19L1","turquoise"
"PSD","turquoise"
"LINC01435","turquoise"
"ADRA2A","turquoise"
"ZDHHC6","turquoise"
"GRK5","turquoise"
"WDR11","turquoise"
"INPP5A","turquoise"
"CALY","turquoise"
"OSBPL5","turquoise"
"ENSG00000290960","turquoise"
"STIM1","turquoise"
"TRIM5","turquoise"
"TRIM3","turquoise"
"FAR1","turquoise"
"NCR3LG1","turquoise"
"KCNC1","turquoise"
"SERGEF","turquoise"
"ZDHHC13","turquoise"
"PRMT3","turquoise"
"MPPED2","turquoise"
"MPPED2-AS1","turquoise"
"EXT2","turquoise"
"CRY2","turquoise"
"MADD","turquoise"
"SYT7","turquoise"
"ATL3","turquoise"
"SAC3D1","turquoise"
"ENSG00000255557","turquoise"
"PACS1","turquoise"
"C11orf80","turquoise"
"PPP6R3","turquoise"
"P4HA3","turquoise"
"ACER3","turquoise"
"NARS2","turquoise"
"TENM4","turquoise"
"DLG2","turquoise"
"ENSG00000254787","turquoise"
"ENSG00000254733","turquoise"
"GRM5-AS1","turquoise"
"GRM5","turquoise"
"LNCRNA-IUR","turquoise"
"DYNC2H1","turquoise"
"SLC35F2","turquoise"
"DLAT","turquoise"
"ZPR1","turquoise"
"PCSK7","turquoise"
"SC5D","turquoise"
"CLMP","turquoise"
"OPCML","turquoise"
"B3GAT1","turquoise"
"ERC1","turquoise"
"WNT5B","turquoise"
"LRTM2","turquoise"
"FKBP4","turquoise"
"CCND2","turquoise"
"TIGAR","turquoise"
"C12orf4","turquoise"
"GALNT8","turquoise"
"ENO2","turquoise"
"LPCAT3","turquoise"
"C1S","turquoise"
"RIMKLB","turquoise"
"MANSC1","turquoise"
"GRIN2B","turquoise"
"RERG","turquoise"
"GOLT1B","turquoise"
"SOX5","turquoise"
"TM7SF3","turquoise"
"TMTC1","turquoise"
"CAPRIN2","turquoise"
"BICD1","turquoise"
"FGD4","turquoise"
"SYT10","turquoise"
"ABCD2","turquoise"
"CERS5","turquoise"
"LARP4","turquoise"
"TAC3","turquoise"
"ENSG00000286279","turquoise"
"LEMD3","turquoise"
"HMGA2","turquoise"
"GRIP1","turquoise"
"TMEM19","turquoise"
"CSRP2","turquoise"
"TMTC3","turquoise"
"UBE2N","turquoise"
"ENSG00000289437","turquoise"
"NTN4","turquoise"
"CHPT1","turquoise"
"TDG","turquoise"
"CRY1","turquoise"
"ANAPC7","turquoise"
"NAA25","turquoise"
"ANAPC5","turquoise"
"TMEM120B","turquoise"
"ATP6V0A2","turquoise"
"SCARB1","turquoise"
"BRI3BP","turquoise"
"TNFRSF19","turquoise"
"SPATA13","turquoise"
"ENSG00000290443","turquoise"
"AMER2","turquoise"
"ATP8A2","turquoise"
"GTF3A","turquoise"
"HSPH1","turquoise"
"N4BP2L1","turquoise"
"RFXAP","turquoise"
"DLEU2","turquoise"
"RNASEH2B","turquoise"
"UCHL3","turquoise"
"LMO7","turquoise"
"ENSG00000288016","turquoise"
"GPR180","turquoise"
"DZIP1","turquoise"
"DNAJC3","turquoise"
"RAP2A","turquoise"
"FARP1","turquoise"
"DOCK9","turquoise"
"TPP2","turquoise"
"EFNB2","turquoise"
"ATP11A","turquoise"
"MCF2L","turquoise"
"PCID2","turquoise"
"ENSG00000259001","turquoise"
"PIP4P1","turquoise"
"METTL17","turquoise"
"EMC9","turquoise"
"NYNRIN","turquoise"
"STXBP6","turquoise"
"FOXG1-AS1","turquoise"
"FOXG1","turquoise"
"LINC01551","turquoise"
"LINC02281","turquoise"
"ENSG00000258028","turquoise"
"PRKD1","turquoise"
"G2E3-AS1","turquoise"
"G2E3","turquoise"
"DTD2","turquoise"
"ENSG00000286099","turquoise"
"TOGARAM1","turquoise"
"KLHDC1","turquoise"
"ENSG00000282885","turquoise"
"L2HGDH","turquoise"
"GPR137C","turquoise"
"STYX","turquoise"
"GNPNAT1","turquoise"
"DDHD1","turquoise"
"ENSG00000258378","turquoise"
"L3HYPDH","turquoise"
"SNAPC1","turquoise"
"KCNH5","turquoise"
"ENSG00000258824","turquoise"
"ZBTB25","turquoise"
"PLEKHG3","turquoise"
"RAB15","turquoise"
"FUT8","turquoise"
"SIPA1L1","turquoise"
"NUMB","turquoise"
"HEATR4","turquoise"
"ACOT2","turquoise"
"FOXN3","turquoise"
"IFI27","turquoise"
"ATG2B","turquoise"
"SETD3","turquoise"
"EML1","turquoise"
"CKB","turquoise"
"TMEM179","turquoise"
"PACS2","turquoise"
"ENSG00000274253","turquoise"
"GABRA5","turquoise"
"HERC2P9","turquoise"
"GOLGA6L7","turquoise"
"ENTREP2","turquoise"
"LINC02256","turquoise"
"ENSG00000290876","turquoise"
"LINC02256.1","turquoise"
"GOLGA8A","turquoise"
"CDIN1","turquoise"
"ENSG00000261191","turquoise"
"MEIS2","turquoise"
"ENSG00000288808","turquoise"
"ENSG00000274444","turquoise"
"OIP5-AS1","turquoise"
"MGA","turquoise"
"ENSG00000261684","turquoise"
"EID1","turquoise"
"DTWD1","turquoise"
"GABPB1-AS1","turquoise"
"TRPM7","turquoise"
"SPPL2A","turquoise"
"ENSG00000259296","turquoise"
"APH1B","turquoise"
"CSNK1G1","turquoise"
"DENND4A","turquoise"
"MAP2K1","turquoise"
"CORO2B","turquoise"
"ENSG00000261632","turquoise"
"STOML1","turquoise"
"ULK3","turquoise"
"PTPN9","turquoise"
"SKIC8","turquoise"
"ENSG00000290946","turquoise"
"ENSG00000290948","turquoise"
"SNHG21","turquoise"
"SH3GL3","turquoise"
"AP3S2","turquoise"
"RCCD1","turquoise"
"MEF2A","turquoise"
"PCSK6","turquoise"
"NME4","turquoise"
"RAB40C","turquoise"
"UQCC4","turquoise"
"PKD1","turquoise"
"ABCA3","turquoise"
"DNAJA3","turquoise"
"RBFOX1","turquoise"
"MRTFB","turquoise"
"ENSG00000290396","turquoise"
"ENSG00000291272","turquoise"
"NOMO3","turquoise"
"XYLT1","turquoise"
"CCP110","turquoise"
"LDAF1","turquoise"
"CRYM","turquoise"
"ENSG00000291073","turquoise"
"ENSG00000291066","turquoise"
"EEF2K","turquoise"
"USP31","turquoise"
"KCTD13","turquoise"
"ALDOA","turquoise"
"YPEL3-DT","turquoise"
"MAPK3","turquoise"
"C16orf87","turquoise"
"NETO2","turquoise"
"ITFG1","turquoise"
"HEATR3","turquoise"
"ENSG00000287866","turquoise"
"NUP93-DT","turquoise"
"ENSG00000259846","turquoise"
"CKLF","turquoise"
"SLC7A6","turquoise"
"LINC01572","turquoise"
"ENSG00000260664","turquoise"
"WWOX","turquoise"
"JPH3","turquoise"
"SLC7A5","turquoise"
"VPS53","turquoise"
"YWHAE","turquoise"
"RAP1GAP2","turquoise"
"ZNF594-DT","turquoise"
"RPAIN","turquoise"
"GAS7","turquoise"
"ARHGAP44","turquoise"
"CENPV","turquoise"
"NT5M","turquoise"
"RNF112","turquoise"
"AKAP10","turquoise"
"CCDC144NL","turquoise"
"CCDC144NL-AS1","turquoise"
"PYY2","turquoise"
"ALDOC","turquoise"
"SEZ6","turquoise"
"CORO6","turquoise"
"ENSG00000290928","turquoise"
"TAF15","turquoise"
"ENSG00000270871","turquoise"
"NEUROD2","turquoise"
"CNTNAP1","turquoise"
"RAMP2","turquoise"
"HDAC5","turquoise"
"MAP3K14","turquoise"
"DGKE","turquoise"
"RAD51C","turquoise"
"TANC2","turquoise"
"STRADA","turquoise"
"DDX5","turquoise"
"LRRC37A3","turquoise"
"PRKCA","turquoise"
"PRKCA-AS1","turquoise"
"LINC00511","turquoise"
"SLC39A11","turquoise"
"SSTR2","turquoise"
"SUMO2","turquoise"
"NPB","turquoise"
"RAC3","turquoise"
"CSNK1D","turquoise"
"DLGAP1","turquoise"
"DLGAP1-AS3","turquoise"
"DLGAP1-AS4","turquoise"
"DLGAP1-AS5","turquoise"
"EPB41L3","turquoise"
"PRELID3A","turquoise"
"FAM210A","turquoise"
"ABHD3","turquoise"
"GAREM1","turquoise"
"KLHL14","turquoise"
"ELP2","turquoise"
"FHOD3","turquoise"
"PIK3C3","turquoise"
"PIAS2","turquoise"
"TCF4","turquoise"
"TCF4-AS1","turquoise"
"CCBE1","turquoise"
"PIGN","turquoise"
"TSHZ1","turquoise"
"GAMT","turquoise"
"TLE2","turquoise"
"PIP5K1C","turquoise"
"CDKN2D","turquoise"
"RAD23A","turquoise"
"NFIX","turquoise"
"IL27RA","turquoise"
"DDX49","turquoise"
"VSTM2B","turquoise"
"ANKRD27","turquoise"
"GPI","turquoise"
"ZNF382","turquoise"
"GSK3A","turquoise"
"PAFAH1B3","turquoise"
"ETHE1","turquoise"
"ZNF224","turquoise"
"MARK4","turquoise"
"SLC17A7","turquoise"
"ZNF83","turquoise"
"ZNF611","turquoise"
"ENSG00000291131","turquoise"
"ZNF525","turquoise"
"ZNF761","turquoise"
"NLRP2","turquoise"
"ZNF418","turquoise"
"ZNF544","turquoise"
"ZCCHC3","turquoise"
"SOX12","turquoise"
"RBCK1","turquoise"
"CSNK2A1","turquoise"
"FKBP1A","turquoise"
"SIRPA","turquoise"
"SNRPB","turquoise"
"TMC2","turquoise"
"NOP56","turquoise"
"EBF4","turquoise"
"ADISSP","turquoise"
"PANK2","turquoise"
"RNF24","turquoise"
"TMEM230","turquoise"
"PCNA","turquoise"
"PLCB1","turquoise"
"SNAP25","turquoise"
"DSTN","turquoise"
"RRBP1","turquoise"
"SNX5","turquoise"
"RALGAPA2","turquoise"
"XRN2","turquoise"
"ABHD12","turquoise"
"GINS1","turquoise"
"NINL","turquoise"
"MAP1LC3A","turquoise"
"RWDD2B","turquoise"
"SYNJ1","turquoise"
"IFNAR2","turquoise"
"TMEM50B","turquoise"
"GART","turquoise"
"RCAN1","turquoise"
"ENSG00000289001","turquoise"
"DOP1B","turquoise"
"PDXK","turquoise"
"TRPM2","turquoise"
"UBE2G2","turquoise"
"SPATC1L","turquoise"
"DIP2A","turquoise"
"HDHD5","turquoise"
"DGCR5","turquoise"
"DGCR2","turquoise"
"ESS2","turquoise"
"SLC25A1","turquoise"
"CLTCL1","turquoise"
"HIRA","turquoise"
"SEPTIN5","turquoise"
"GP1BB","turquoise"
"GNB1L","turquoise"
"COMT","turquoise"
"ARVCF","turquoise"
"TANGO2","turquoise"
"ENSG00000236540","turquoise"
"DGCR8","turquoise"
"RANBP1","turquoise"
"ZDHHC8","turquoise"
"RTN4R","turquoise"
"ZNF74","turquoise"
"KLHL22","turquoise"
"MED15","turquoise"
"TMEM191A","turquoise"
"PI4KA","turquoise"
"SNAP29","turquoise"
"CRKL","turquoise"
"MIF","turquoise"
"CABIN1","turquoise"
"SELENOM","turquoise"
"PDXP","turquoise"
"RRP7BP","turquoise"
"MCAT","turquoise"
"MPPED1","turquoise"
"SULT4A1","turquoise"
"PNPLA3","turquoise"
"MIRLET7BHG","turquoise"
"TRMU","turquoise"
"TAFA5","turquoise"
"CRELD2","turquoise"
"SBF1","turquoise"
"GTPBP6","turquoise"
"MAP7D2","turquoise"
"RPS6KA3","turquoise"
"PTCHD1","turquoise"
"ACOT9","turquoise"
"APOO","turquoise"
"PDK3","turquoise"
"ARX","turquoise"
"XK","turquoise"
"DYNLT3","turquoise"
"NDP","turquoise"
"CHST7","turquoise"
"SYP","turquoise"
"ENSG00000227486","turquoise"
"MSN","turquoise"
"OGT","turquoise"
"CHIC1","turquoise"
"PGK1","turquoise"
"DIAPH2","turquoise"
"DRP2","turquoise"
"ARMCX2","turquoise"
"BEX5","turquoise"
"COL4A6","turquoise"
"ACSL4","turquoise"
"RTL9","turquoise"
"HTR2C","turquoise"
"GRIA3","turquoise"
"ENSG00000225689","turquoise"
"HPRT1","turquoise"
"SPANXA2-OT1","turquoise"
"MAMLD1","turquoise"
"F8A1","turquoise"
"ENSG00000291034","turquoise"
"TTTY10","turquoise"
"EIF1AY","turquoise"
"MT-CYB","turquoise"
"SAMD11","yellow"
"WNT4","yellow"
"RPL11","yellow"
"EPB41","yellow"
"HDAC1","yellow"
"POU3F1","yellow"
"SLC2A1","yellow"
"RPS8","yellow"
"PRKAA2","yellow"
"KANK4","yellow"
"DNAI4","yellow"
"ADGRL2","yellow"
"RPL5","yellow"
"NTNG1","yellow"
"ENSG00000289612","yellow"
"AKNAD1","yellow"
"TXNIP","yellow"
"MCL1","yellow"
"RPS27","yellow"
"LMNA","yellow"
"NES","yellow"
"CRABP2","yellow"
"TSTD1","yellow"
"PRRC2C","yellow"
"SNRPE","yellow"
"SIPA1L2","yellow"
"RPS7","yellow"
"OST4","yellow"
"LBH","yellow"
"GALM","yellow"
"CALM2","yellow"
"RPS27A","yellow"
"RGPD2","yellow"
"RPL31","yellow"
"RPRM","yellow"
"LINC01876","yellow"
"FIGN","yellow"
"SCN7A","yellow"
"ENSG00000236501","yellow"
"TTN","yellow"
"CCDC141","yellow"
"UBE2E3","yellow"
"ERBB4","yellow"
"SNHG31","yellow"
"RPL37A","yellow"
"SUMF1","yellow"
"LRRN1","yellow"
"ENSG00000189229","yellow"
"GRM7-AS3","yellow"
"THUMPD3-AS1","yellow"
"RPL15","yellow"
"ACVR2B","yellow"
"RPL14","yellow"
"TMA7","yellow"
"RPL29","yellow"
"GXYLT2","yellow"
"ROBO1","yellow"
"ENSG00000288105","yellow"
"ENSG00000286329","yellow"
"ENSG00000242828","yellow"
"EPHA3","yellow"
"RPL24","yellow"
"ZPLD1","yellow"
"CSTA","yellow"
"RBP1","yellow"
"ZIC4","yellow"
"SHOX2","yellow"
"P3H2","yellow"
"RPL35A","yellow"
"ATP5ME","yellow"
"RPL9","yellow"
"EPHA5-AS1","yellow"
"PARM1","yellow"
"SPP1","yellow"
"LINC02428","yellow"
"TACR3","yellow"
"CXXC4","yellow"
"LINC02945","yellow"
"INPP4B","yellow"
"ZNF827","yellow"
"LRBA","yellow"
"MAB21L2","yellow"
"RPS3A","yellow"
"WWC2","yellow"
"SORBS2","yellow"
"LINC01060","yellow"
"NDUFS6","yellow"
"LINC02223","yellow"
"CDH18","yellow"
"CDH18-AS1","yellow"
"PURPL","yellow"
"HCN1","yellow"
"ZSWIM6","yellow"
"NSA2","yellow"
"RPS23","yellow"
"COX7C","yellow"
"ENSG00000250049","yellow"
"NR2F1","yellow"
"SLC12A2","yellow"
"ENSG00000249803","yellow"
"ENSG00000250284","yellow"
"PKD2L2-DT","yellow"
"IK","yellow"
"SPINK5","yellow"
"RPS14","yellow"
"LINC03000","yellow"
"RACK1","yellow"
"PPP1R10","yellow"
"COL19A1","yellow"
"EEF1A1","yellow"
"SNHG5","yellow"
"ASCC3","yellow"
"CD24","yellow"
"HDDC2","yellow"
"RPS12","yellow"
"CITED2","yellow"
"UTRN","yellow"
"UST","yellow"
"SMOC2","yellow"
"UNCX","yellow"
"BZW2","yellow"
"AHR","yellow"
"NFE2L3","yellow"
"POU6F2","yellow"
"GALNT17","yellow"
"SEMA3E","yellow"
"CDK6","yellow"
"DLC1","yellow"
"TUSC3","yellow"
"ZMAT4","yellow"
"RPS20","yellow"
"LINC01414","yellow"
"ENSG00000253762","yellow"
"LINC01289","yellow"
"MIR124-2HG","yellow"
"RPL7","yellow"
"ZFHX4-AS1","yellow"
"ZFHX4","yellow"
"RBIS","yellow"
"UQCRB","yellow"
"RPL30","yellow"
"NCALD","yellow"
"ANGPT1","yellow"
"EIF3E","yellow"
"PKHD1L1","yellow"
"RPS6","yellow"
"TLE4","yellow"
"KIAA1958","yellow"
"ZNF618","yellow"
"RPL35","yellow"
"LMX1B","yellow"
"RPL12","yellow"
"ODF2","yellow"
"IER5L","yellow"
"RPL7A","yellow"
"LRRC26","yellow"
"GDI2","yellow"
"ZEB1","yellow"
"ENSG00000291065","yellow"
"ANK3","yellow"
"CTNNA3","yellow"
"NPM3","yellow"
"RPLP2","yellow"
"KCNQ1OT1","yellow"
"RPL27A","yellow"
"RPS13","yellow"
"NAV2","yellow"
"ENSG00000255372","yellow"
"SLC17A6-DT","yellow"
"MDK","yellow"
"SELENOH","yellow"
"TMEM258","yellow"
"NEAT1","yellow"
"RPS3","yellow"
"DISC1FP1","yellow"
"SMCO4","yellow"
"RPS25","yellow"
"GLB1L3","yellow"
"VAMP1","yellow"
"CHD4","yellow"
"BCAT1","yellow"
"SINHCAF","yellow"
"ALG10B","yellow"
"PFDN5","yellow"
"ATP5MC2","yellow"
"GDF11","yellow"
"RPL41","yellow"
"MYL6","yellow"
"NACA","yellow"
"ATXN7L3B","yellow"
"LINC01619","yellow"
"RPL6","yellow"
"RPLP0","yellow"
"GOLGA3","yellow"
"RPL21","yellow"
"LHFPL6","yellow"
"COG6","yellow"
"TPT1","yellow"
"KLF12","yellow"
"COMMD6","yellow"
"POU4F1","yellow"
"PCCA","yellow"
"NALF1","yellow"
"ENSG00000286123","yellow"
"LINC02315","yellow"
"LINC00648","yellow"
"RPS29","yellow"
"SLC10A1","yellow"
"MEG3","yellow"
"ENSG00000258663","yellow"
"MEG8","yellow"
"MKRN3","yellow"
"NDN","yellow"
"PWRN1","yellow"
"SNRPN","yellow"
"SNHG14","yellow"
"UBE3A","yellow"
"FSIP1","yellow"
"SERF2","yellow"
"ONECUT1","yellow"
"IGDCC3","yellow"
"RPL4","yellow"
"AAGAB","yellow"
"MORF4L1","yellow"
"RPS17","yellow"
"ENSG00000275443","yellow"
"NR2F2-AS1","yellow"
"NR2F2","yellow"
"RPS2","yellow"
"RPS15A","yellow"
"HS3ST4","yellow"
"MYL11","yellow"
"IRX3","yellow"
"CRNDE","yellow"
"IRX5","yellow"
"CNGB1","yellow"
"ZFHX3","yellow"
"LINC01568","yellow"
"ENSG00000260848","yellow"
"RPL13","yellow"
"HS3ST3B1","yellow"
"SNHG29","yellow"
"RPL23A","yellow"
"RPL23","yellow"
"RPL19","yellow"
"SMARCE1","yellow"
"CEP112","yellow"
"ACTG1","yellow"
"PIEZO2","yellow"
"GREB1L","yellow"
"ENSG00000265751","yellow"
"TMEM241","yellow"
"ZNF521","yellow"
"KCTD1","yellow"
"ATP5F1A","yellow"
"RPL17","yellow"
"DCC","yellow"
"ONECUT2","yellow"
"CNN2","yellow"
"MIDN","yellow"
"ONECUT3","yellow"
"AMH","yellow"
"RPL36","yellow"
"WDR83OS","yellow"
"RPL18A","yellow"
"ZNF208","yellow"
"ZNF676","yellow"
"ZNF98","yellow"
"ZNF492","yellow"
"RYR1","yellow"
"MAP4K1","yellow"
"EIF3K","yellow"
"RPS16","yellow"
"RPS19","yellow"
"POU2F2","yellow"
"ZNF225-AS1","yellow"
"NOP53","yellow"
"RPL18","yellow"
"RPL13A","yellow"
"RPS11","yellow"
"ZNF528-AS1","yellow"
"ZNF528","yellow"
"RPS9","yellow"
"EPS8L1","yellow"
"RPL28","yellow"
"ZNF667-AS1","yellow"
"ENSG00000286125","yellow"
"ZIM2","yellow"
"PEG3","yellow"
"MIMT1","yellow"
"ENSG00000283103","yellow"
"BCL2L1","yellow"
"ASXL1","yellow"
"MAPRE1","yellow"
"RALY","yellow"
"EIF2S2","yellow"
"DYNLRB1","yellow"
"NCOA6","yellow"
"EIF6","yellow"
"CPNE1","yellow"
"ROMO1","yellow"
"RBM39","yellow"
"SCAND1","yellow"
"DLGAP4","yellow"
"CTNNBL1","yellow"
"CHD6","yellow"
"GDAP1L1","yellow"
"PKIG","yellow"
"TNNC2","yellow"
"SLC12A5","yellow"
"STAU1","yellow"
"ZFAS1","yellow"
"UBE2V1","yellow"
"PTPN1","yellow"
"ADNP","yellow"
"TSHZ2","yellow"
"ENSG00000271774","yellow"
"PFDN4","yellow"
"RTF2","yellow"
"GNAS","yellow"
"ATP5F1E","yellow"
"PSMA7","yellow"
"RPS21","yellow"
"PRPF6","yellow"
"LARGE1","yellow"
"RPL3","yellow"
"ST13","yellow"
"SLC25A6","yellow"
"MXRA5","yellow"
"PRKX","yellow"
"ENSG00000285679","yellow"
"EIF1AX","yellow"
"ZC4H2","yellow"
"NHSL2","yellow"
"TSIX","yellow"
"XIST","yellow"
"MIR325HG","yellow"
"PCDH19","yellow"
"WDR44","yellow"
"IGSF1","yellow"
"ENSG00000273748","yellow"
