"query","significant","p_value","term_size","query_size","intersection_size","precision","recall","term_id","source","term_name","effective_domain_size","source_order","evidence_codes","intersection","intersection_gene","intersection_gene_id","term"
"query_1",TRUE,0.000696945920681635,111,98,7,0.0714285714285714,0.0630630630630631,"GO:0007218","GO:BP","neuropeptide signaling pathway",21026,2759,"IDA IGI,IBA IEA,IBA IEA,IEA,IBA IEA,IEA,IEA","NTS,GPR149,SSTR1,PRLHR,PDYN,PROKR2,CARTPT","NTS,GPR149,SSTR1,PRLHR,PDYN,PROKR2,CARTPT","ENSG00000133636,ENSG00000174948,ENSG00000139874,ENSG00000119973,ENSG00000101327,ENSG00000101292,ENSG00000164326","GO:BP - neuropeptide signaling pathway"
"query_1",TRUE,0.000696945920681635,7322,98,58,0.591836734693878,0.00792133296913412,"GO:0032501","GO:BP","multicellular organismal process",21026,7557,"IEA,ISS IEA,ISS IBA IEA,ISS IBA IEA,ISS IBA TAS IEA,ISS TAS IEA,IEA,IBA,IBA TAS,IEA,IEA,IMP ISS IEA,IEA,TAS,IDA IBA,IDA,IEA,IMP IEP,IDA IBA IEA,IEA,IDA ISS IEA,IDA,IMP IGI ISS IEA,IEA,ISS IEA,ISS NAS IEA,IEA,IBA IEA,TAS IEA,IMP IBA IEA,IDA IBA TAS NAS,IBA,IBA IEA,IDA IEA,IMP ISS IBA,IDA IMP IEA,IDA IMP ISS TAS IEA,ISS IBA IEA,IMP ISS IEA,IMP IEP IEA,IDA IBA NAS,TAS,IBA NAS IEA,IDA ISS IEA,IDA NAS,ISS IBA IEA,IBA IEA,ISS IEA,IMP ISS IBA TAS NAS IEA,IEA,TAS,IMP IBA IEA,IMP ISS IEA,IDA IMP,IBA IEA,IDA IGI IEP ISS IBA IEA,ISS IBA IEA,NAS IEA","PAPPA2,MLIP,EPHA7,DOCK10,SEMA5A,HTR2C,NTS,GABRG1,CNTN6,C1QL3,GPR149,TOX,DLX6-AS1,SST,RTP4,CDH13,TACR1,FOXP2,SYNDIG1,ANKFN1,AIM2,CLEC2B,PRKD1,HTR3A,CBLN4,SLC1A3,SSTR1,ADRA1D,PRLHR,SLITRK6,MYH2,PDYN,LHX8,HTR4,PROM1,FGF1,CARTPT,MYO1E,FFAR4,ITGA8,MYH4,GCG,TNNI1,SPN,CD8B,TAFA1,GNAT3,GRHL3,EDNRA,DSC3,COL9A2,ROR1,LRRK2,FCER1A,COL27A1,MME,MYOG,C1QL1","PAPPA2,MLIP,EPHA7,DOCK10,SEMA5A,HTR2C,NTS,GABRG1,CNTN6,C1QL3,GPR149,TOX,DLX6-AS1,SST,RTP4,CDH13,TACR1,FOXP2,SYNDIG1,ANKFN1,AIM2,CLEC2B,PRKD1,HTR3A,CBLN4,SLC1A3,SSTR1,ADRA1D,PRLHR,SLITRK6,MYH2,PDYN,LHX8,HTR4,PROM1,FGF1,CARTPT,MYO1E,FFAR4,ITGA8,MYH4,GCG,TNNI1,SPN,CD8B,TAFA1,GNAT3,GRHL3,EDNRA,DSC3,COL9A2,ROR1,LRRK2,FCER1A,COL27A1,MME,MYOG,C1QL1","ENSG00000116183,ENSG00000146147,ENSG00000135333,ENSG00000135905,ENSG00000112902,ENSG00000147246,ENSG00000133636,ENSG00000163285,ENSG00000134115,ENSG00000165985,ENSG00000174948,ENSG00000198846,ENSG00000231764,ENSG00000157005,ENSG00000136514,ENSG00000140945,ENSG00000115353,ENSG00000128573,ENSG00000101463,ENSG00000153930,ENSG00000163568,ENSG00000110852,ENSG00000184304,ENSG00000166736,ENSG00000054803,ENSG00000079215,ENSG00000139874,ENSG00000171873,ENSG00000119973,ENSG00000184564,ENSG00000125414,ENSG00000101327,ENSG00000162624,ENSG00000164270,ENSG00000007062,ENSG00000113578,ENSG00000164326,ENSG00000157483,ENSG00000186188,ENSG00000077943,ENSG00000264424,ENSG00000115263,ENSG00000159173,ENSG00000197471,ENSG00000172116,ENSG00000183662,ENSG00000214415,ENSG00000158055,ENSG00000151617,ENSG00000134762,ENSG00000049089,ENSG00000185483,ENSG00000188906,ENSG00000179639,ENSG00000196739,ENSG00000196549,ENSG00000122180,ENSG00000131094","GO:BP - multicellular organismal process"
"query_1",TRUE,0.000696945920681635,503,98,13,0.13265306122449,0.025844930417495,"GO:0034329","GO:BP","cell junction assembly",21026,8508,"IBA,IBA,IMP,IEA,IEA,IBA,IEA,IBA,IBA,IDA IBA IEA,ISS IEA,IMP IBA IEA,IEA","CDH8,CDH20,PTPRK,EPHA7,DOCK10,GABRG1,C1QL3,CDH12,CDH13,SYNDIG1,CBLN4,SLITRK6,HTR4","CDH8,CDH20,PTPRK,EPHA7,DOCK10,GABRG1,C1QL3,CDH12,CDH13,SYNDIG1,CBLN4,SLITRK6,HTR4","ENSG00000150394,ENSG00000101542,ENSG00000152894,ENSG00000135333,ENSG00000135905,ENSG00000163285,ENSG00000165985,ENSG00000154162,ENSG00000140945,ENSG00000101463,ENSG00000054803,ENSG00000184564,ENSG00000164270","GO:BP - cell junction assembly"
"query_1",TRUE,0.000698396374784742,2293,98,28,0.285714285714286,0.0122110771914522,"GO:0003008","GO:BP","system process",21026,1457,"ISS IEA,ISS IEA,IEA,IDA IBA,IEA,IEA,IEA,IEA,ISS NAS IEA,IBA IEA,IEA,IDA IBA TAS NAS,IBA,IEA,IDA IEA,IDA,ISS IEA,IEA,IEA,IDA IBA NAS,IBA NAS IEA,IBA IEA,IMP IBA TAS NAS IEA,IMP,ISS IEA,IGI ISS IEA,ISS IEA,IEA","MLIP,HTR2C,NTS,RTP4,TACR1,ANKFN1,PRKD1,HTR3A,SLC1A3,ADRA1D,SLITRK6,MYH2,PDYN,LHX8,HTR4,CARTPT,MYO1E,FFAR4,ITGA8,MYH4,TNNI1,GNAT3,EDNRA,ROR1,LRRK2,MME,MYOG,C1QL1","MLIP,HTR2C,NTS,RTP4,TACR1,ANKFN1,PRKD1,HTR3A,SLC1A3,ADRA1D,SLITRK6,MYH2,PDYN,LHX8,HTR4,CARTPT,MYO1E,FFAR4,ITGA8,MYH4,TNNI1,GNAT3,EDNRA,ROR1,LRRK2,MME,MYOG,C1QL1","ENSG00000146147,ENSG00000147246,ENSG00000133636,ENSG00000136514,ENSG00000115353,ENSG00000153930,ENSG00000184304,ENSG00000166736,ENSG00000079215,ENSG00000171873,ENSG00000184564,ENSG00000125414,ENSG00000101327,ENSG00000162624,ENSG00000164270,ENSG00000164326,ENSG00000157483,ENSG00000186188,ENSG00000077943,ENSG00000264424,ENSG00000159173,ENSG00000214415,ENSG00000151617,ENSG00000185483,ENSG00000188906,ENSG00000196549,ENSG00000122180,ENSG00000131094","GO:BP - system process"
"query_1",TRUE,0.000698396374784742,834,98,16,0.163265306122449,0.0191846522781775,"GO:0034330","GO:BP","cell junction organization",21026,8509,"IBA IEA,IBA,IMP,IEA,ISS IBA IEA,IBA,IBA,IEA,IBA,IBA,IDA IBA IEA,ISS IEA,IMP IBA IEA,IEA,IMP ISS IEA,IEA","CDH8,CDH20,PTPRK,EPHA7,DOCK10,GABRG1,CNTN6,C1QL3,CDH12,CDH13,SYNDIG1,CBLN4,SLITRK6,HTR4,LRRK2,C1QL1","CDH8,CDH20,PTPRK,EPHA7,DOCK10,GABRG1,CNTN6,C1QL3,CDH12,CDH13,SYNDIG1,CBLN4,SLITRK6,HTR4,LRRK2,C1QL1","ENSG00000150394,ENSG00000101542,ENSG00000152894,ENSG00000135333,ENSG00000135905,ENSG00000163285,ENSG00000134115,ENSG00000165985,ENSG00000154162,ENSG00000140945,ENSG00000101463,ENSG00000054803,ENSG00000184564,ENSG00000164270,ENSG00000188906,ENSG00000131094","GO:BP - cell junction organization"
"query_1",TRUE,0.00076178069957211,775,98,15,0.153061224489796,0.0193548387096774,"GO:0007268","GO:BP","chemical synaptic transmission",21026,2782,"IEA,IEA,IBA TAS,IBA IEA,IEA,TAS,IEA,IEA,IEA,TAS IEA,IBA IEA,IBA IEA,IEA,IMP ISS IEA,IEA","CDH8,EPHA7,HTR2C,GABRG1,CADPS2,SST,TACR1,HTR3A,CBLN4,SLC1A3,PDYN,HTR4,CARTPT,LRRK2,MME","CDH8,EPHA7,HTR2C,GABRG1,CADPS2,SST,TACR1,HTR3A,CBLN4,SLC1A3,PDYN,HTR4,CARTPT,LRRK2,MME","ENSG00000150394,ENSG00000135333,ENSG00000147246,ENSG00000163285,ENSG00000081803,ENSG00000157005,ENSG00000115353,ENSG00000166736,ENSG00000054803,ENSG00000079215,ENSG00000101327,ENSG00000164270,ENSG00000164326,ENSG00000188906,ENSG00000196549","GO:BP - chemical synaptic transmission"
"query_1",TRUE,0.00076178069957211,674,98,14,0.142857142857143,0.0207715133531157,"GO:0007610","GO:BP","behavior",21026,3053,"ISS TAS IEA,IEA,IEA,ISS IEA,IEA,IEA,IEA,IEA,ISS IEA,IEA,TAS,IMP IEA,IGI,NAS IEA","HTR2C,TACR1,ANKFN1,AIM2,SLC1A3,PRLHR,SLITRK6,LHX8,CARTPT,ITGA8,GCG,LRRK2,MME,C1QL1","HTR2C,TACR1,ANKFN1,AIM2,SLC1A3,PRLHR,SLITRK6,LHX8,CARTPT,ITGA8,GCG,LRRK2,MME,C1QL1","ENSG00000147246,ENSG00000115353,ENSG00000153930,ENSG00000163568,ENSG00000079215,ENSG00000119973,ENSG00000184564,ENSG00000162624,ENSG00000164326,ENSG00000077943,ENSG00000115263,ENSG00000188906,ENSG00000196549,ENSG00000131094","GO:BP - behavior"
"query_1",TRUE,0.00076178069957211,775,98,15,0.153061224489796,0.0193548387096774,"GO:0098916","GO:BP","anterograde trans-synaptic signaling",21026,18700,"IEA,IEA,IBA TAS,IBA IEA,IEA,TAS,IEA,IEA,IEA,TAS IEA,IBA IEA,IBA IEA,IEA,IMP ISS IEA,IEA","CDH8,EPHA7,HTR2C,GABRG1,CADPS2,SST,TACR1,HTR3A,CBLN4,SLC1A3,PDYN,HTR4,CARTPT,LRRK2,MME","CDH8,EPHA7,HTR2C,GABRG1,CADPS2,SST,TACR1,HTR3A,CBLN4,SLC1A3,PDYN,HTR4,CARTPT,LRRK2,MME","ENSG00000150394,ENSG00000135333,ENSG00000147246,ENSG00000163285,ENSG00000081803,ENSG00000157005,ENSG00000115353,ENSG00000166736,ENSG00000054803,ENSG00000079215,ENSG00000101327,ENSG00000164270,ENSG00000164326,ENSG00000188906,ENSG00000196549","GO:BP - anterograde trans-synaptic signaling"
"query_1",TRUE,0.00076178069957211,781,98,15,0.153061224489796,0.0192061459667093,"GO:0099537","GO:BP","trans-synaptic signaling",21026,18865,"IEA,IEA,IBA TAS,IBA IEA,IEA,TAS,IEA,IEA,IEA,TAS IEA,IBA IEA,IBA IEA,IEA,IMP ISS IEA,IEA","CDH8,EPHA7,HTR2C,GABRG1,CADPS2,SST,TACR1,HTR3A,CBLN4,SLC1A3,PDYN,HTR4,CARTPT,LRRK2,MME","CDH8,EPHA7,HTR2C,GABRG1,CADPS2,SST,TACR1,HTR3A,CBLN4,SLC1A3,PDYN,HTR4,CARTPT,LRRK2,MME","ENSG00000150394,ENSG00000135333,ENSG00000147246,ENSG00000163285,ENSG00000081803,ENSG00000157005,ENSG00000115353,ENSG00000166736,ENSG00000054803,ENSG00000079215,ENSG00000101327,ENSG00000164270,ENSG00000164326,ENSG00000188906,ENSG00000196549","GO:BP - trans-synaptic signaling"
"query_1",TRUE,0.00076178069957211,1342,98,20,0.204081632653061,0.014903129657228,"GO:0007267","GO:BP","cell-cell signaling",21026,2781,"IEA,IEA,TAS,ISS IBA TAS IEA,IBA IEA,IEA,TAS,IEA,IEA,IEA,IEA,TAS IEA,ISS IBA TAS IEA,IBA IEA,IBA IEA,TAS IEA,ISS IBA IEA,ISS IBA TAS IEA,IMP ISS IEA,IEA","CDH8,EPHA7,SEMA5A,HTR2C,GABRG1,CADPS2,SST,TACR1,PRKD1,HTR3A,CBLN4,SLC1A3,ADRA1D,PDYN,HTR4,CARTPT,FFAR4,GCG,LRRK2,MME","CDH8,EPHA7,SEMA5A,HTR2C,GABRG1,CADPS2,SST,TACR1,PRKD1,HTR3A,CBLN4,SLC1A3,ADRA1D,PDYN,HTR4,CARTPT,FFAR4,GCG,LRRK2,MME","ENSG00000150394,ENSG00000135333,ENSG00000112902,ENSG00000147246,ENSG00000163285,ENSG00000081803,ENSG00000157005,ENSG00000115353,ENSG00000184304,ENSG00000166736,ENSG00000054803,ENSG00000079215,ENSG00000171873,ENSG00000101327,ENSG00000164270,ENSG00000164326,ENSG00000186188,ENSG00000115263,ENSG00000188906,ENSG00000196549","GO:BP - cell-cell signaling"
"query_1",TRUE,0.00103011848926433,807,98,15,0.153061224489796,0.0185873605947955,"GO:0099536","GO:BP","synaptic signaling",21026,18864,"IEA,IEA,IBA TAS,IBA IEA,IEA,TAS,IEA,IEA,IEA,TAS IEA,IBA IEA,IBA IEA,IEA,IMP ISS IEA,IEA","CDH8,EPHA7,HTR2C,GABRG1,CADPS2,SST,TACR1,HTR3A,CBLN4,SLC1A3,PDYN,HTR4,CARTPT,LRRK2,MME","CDH8,EPHA7,HTR2C,GABRG1,CADPS2,SST,TACR1,HTR3A,CBLN4,SLC1A3,PDYN,HTR4,CARTPT,LRRK2,MME","ENSG00000150394,ENSG00000135333,ENSG00000147246,ENSG00000163285,ENSG00000081803,ENSG00000157005,ENSG00000115353,ENSG00000166736,ENSG00000054803,ENSG00000079215,ENSG00000101327,ENSG00000164270,ENSG00000164326,ENSG00000188906,ENSG00000196549","GO:BP - synaptic signaling"
"query_1",TRUE,0.00187144888737382,6553,98,51,0.520408163265306,0.00778269494887838,"GO:0032502","GO:BP","developmental process",21026,7558,"IEA,IBA,IBA,IBA,ISS IBA IEA,ISS IBA IEA,ISS IBA TAS IEA,IEA,IBA,IBA TAS,IEA,IEA,IEA,IMP ISS IBA IEA,IEA,IBA,IDA IBA,IMP IEP,IDA IBA IEA,ISS IEA,IMP IGI ISS IEA,ISS IEA,IEA,IEA,IMP IBA IEA,IEP,TAS,IBA IEA,IEA,IMP ISS IBA,IDA IMP IBA TAS IEA,TAS,ISS IBA IEA,IDA ISS IEA,IMP IEP IEA,IEA,IDA IEA,ISS IBA IEA,ISS IEA,ISS IEA,IEA,IEA,IMP IBA,TAS,ISS IBA IEA,IMP ISS TAS IEA,IBA IEA,IGI IEP IEA,ISS IBA TAS IEA,IDA,IEA","PAPPA2,FSTL5,CDH8,CDH20,EPHA7,DOCK10,SEMA5A,HTR2C,GABRG1,CNTN6,JDP2,C1QL3,GPR149,TOX,DLX6-AS1,CDH12,CDH13,FOXP2,SYNDIG1,AIM2,PRKD1,CBLN4,SLC1A3,SSTR1,SLITRK6,PTER,KLK7,LHX8,HTR4,PROM1,FGF1,CARTPT,MYO1E,FFAR4,ITGA8,TNNI1,SPN,TAFA1,H2BC1,GRHL3,EDNRA,DSC3,CFAP47,COL9A2,ROR1,LRRK2,COL27A1,MME,MYOG,UPK1B,C1QL1","PAPPA2,FSTL5,CDH8,CDH20,EPHA7,DOCK10,SEMA5A,HTR2C,GABRG1,CNTN6,JDP2,C1QL3,GPR149,TOX,DLX6-AS1,CDH12,CDH13,FOXP2,SYNDIG1,AIM2,PRKD1,CBLN4,SLC1A3,SSTR1,SLITRK6,PTER,KLK7,LHX8,HTR4,PROM1,FGF1,CARTPT,MYO1E,FFAR4,ITGA8,TNNI1,SPN,TAFA1,H2BC1,GRHL3,EDNRA,DSC3,CFAP47,COL9A2,ROR1,LRRK2,COL27A1,MME,MYOG,UPK1B,C1QL1","ENSG00000116183,ENSG00000168843,ENSG00000150394,ENSG00000101542,ENSG00000135333,ENSG00000135905,ENSG00000112902,ENSG00000147246,ENSG00000163285,ENSG00000134115,ENSG00000140044,ENSG00000165985,ENSG00000174948,ENSG00000198846,ENSG00000231764,ENSG00000154162,ENSG00000140945,ENSG00000128573,ENSG00000101463,ENSG00000163568,ENSG00000184304,ENSG00000054803,ENSG00000079215,ENSG00000139874,ENSG00000184564,ENSG00000165983,ENSG00000169035,ENSG00000162624,ENSG00000164270,ENSG00000007062,ENSG00000113578,ENSG00000164326,ENSG00000157483,ENSG00000186188,ENSG00000077943,ENSG00000159173,ENSG00000197471,ENSG00000183662,ENSG00000146047,ENSG00000158055,ENSG00000151617,ENSG00000134762,ENSG00000165164,ENSG00000049089,ENSG00000185483,ENSG00000188906,ENSG00000196739,ENSG00000196549,ENSG00000122180,ENSG00000114638,ENSG00000131094","GO:BP - developmental process"
"query_1",TRUE,0.00187144888737382,62,98,5,0.0510204081632653,0.0806451612903226,"GO:0071870","GO:BP","cellular response to catecholamine stimulus",21026,16721,"IBA,IEA,IDA,IDA,IMP ISS IEA","HTR2C,PRKD1,HTR3A,HTR4,LRRK2","HTR2C,PRKD1,HTR3A,HTR4,LRRK2","ENSG00000147246,ENSG00000184304,ENSG00000166736,ENSG00000164270,ENSG00000188906","GO:BP - cellular response to catecholamine stimulus"
"query_1",TRUE,0.00187144888737382,65,98,5,0.0510204081632653,0.0769230769230769,"GO:0071869","GO:BP","response to catecholamine",21026,16720,"IBA,IEA,IDA,IDA,IMP ISS IEA","HTR2C,PRKD1,HTR3A,HTR4,LRRK2","HTR2C,PRKD1,HTR3A,HTR4,LRRK2","ENSG00000147246,ENSG00000184304,ENSG00000166736,ENSG00000164270,ENSG00000188906","GO:BP - response to catecholamine"
"query_1",TRUE,0.00187144888737382,563,98,12,0.122448979591837,0.0213143872113677,"GO:0050808","GO:BP","synapse organization",21026,13102,"IEA,IEA,ISS IBA IEA,IBA,IBA,IEA,IDA IBA IEA,ISS IEA,IMP IBA IEA,IEA,IMP ISS IEA,IEA","CDH8,EPHA7,DOCK10,GABRG1,CNTN6,C1QL3,SYNDIG1,CBLN4,SLITRK6,HTR4,LRRK2,C1QL1","CDH8,EPHA7,DOCK10,GABRG1,CNTN6,C1QL3,SYNDIG1,CBLN4,SLITRK6,HTR4,LRRK2,C1QL1","ENSG00000150394,ENSG00000135333,ENSG00000135905,ENSG00000163285,ENSG00000134115,ENSG00000165985,ENSG00000101463,ENSG00000054803,ENSG00000184564,ENSG00000164270,ENSG00000188906,ENSG00000131094","GO:BP - synapse organization"
"query_1",TRUE,0.00187144888737382,62,98,5,0.0510204081632653,0.0806451612903226,"GO:0071868","GO:BP","cellular response to monoamine stimulus",21026,16719,"IBA,IEA,IDA,IDA,IMP ISS IEA","HTR2C,PRKD1,HTR3A,HTR4,LRRK2","HTR2C,PRKD1,HTR3A,HTR4,LRRK2","ENSG00000147246,ENSG00000184304,ENSG00000166736,ENSG00000164270,ENSG00000188906","GO:BP - cellular response to monoamine stimulus"
"query_1",TRUE,0.00187144888737382,65,98,5,0.0510204081632653,0.0769230769230769,"GO:0071867","GO:BP","response to monoamine",21026,16718,"IBA,IEA,IDA,IDA,IMP ISS IEA","HTR2C,PRKD1,HTR3A,HTR4,LRRK2","HTR2C,PRKD1,HTR3A,HTR4,LRRK2","ENSG00000147246,ENSG00000184304,ENSG00000166736,ENSG00000164270,ENSG00000188906","GO:BP - response to monoamine"
"query_1",TRUE,0.00188162164553025,309,98,9,0.0918367346938776,0.029126213592233,"GO:0050807","GO:BP","regulation of synapse organization",21026,13101,"IEA,IEA,IEA,IEA,IDA IBA IEA,IBA IEA,IEA,IMP ISS IEA,IEA","CDH8,EPHA7,DOCK10,C1QL3,SYNDIG1,SLITRK6,HTR4,LRRK2,C1QL1","CDH8,EPHA7,DOCK10,C1QL3,SYNDIG1,SLITRK6,HTR4,LRRK2,C1QL1","ENSG00000150394,ENSG00000135333,ENSG00000135905,ENSG00000165985,ENSG00000101463,ENSG00000184564,ENSG00000164270,ENSG00000188906,ENSG00000131094","GO:BP - regulation of synapse organization"
"query_1",TRUE,0.00212556877256839,316,98,9,0.0918367346938776,0.0284810126582278,"GO:0050803","GO:BP","regulation of synapse structure or activity",21026,13097,"IEA,IEA,IEA,IEA,IDA IBA IEA,IBA IEA,IEA,IMP ISS IEA,IEA","CDH8,EPHA7,DOCK10,C1QL3,SYNDIG1,SLITRK6,HTR4,LRRK2,C1QL1","CDH8,EPHA7,DOCK10,C1QL3,SYNDIG1,SLITRK6,HTR4,LRRK2,C1QL1","ENSG00000150394,ENSG00000135333,ENSG00000135905,ENSG00000165985,ENSG00000101463,ENSG00000184564,ENSG00000164270,ENSG00000188906,ENSG00000131094","GO:BP - regulation of synapse structure or activity"
"query_1",TRUE,0.00212556877256839,1510,98,20,0.204081632653061,0.0132450331125828,"GO:0050877","GO:BP","nervous system process",21026,13150,"ISS IEA,IDA IBA,IEA,IEA,IEA,IEA,IEA,IEA,IBA,IEA,IDA,IEA,IEA,IBA,IBA IEA,IEA,IMP,ISS IEA,IGI ISS IEA,IEA","HTR2C,RTP4,TACR1,ANKFN1,PRKD1,HTR3A,SLC1A3,SLITRK6,PDYN,LHX8,CARTPT,FFAR4,ITGA8,TNNI1,GNAT3,EDNRA,ROR1,LRRK2,MME,C1QL1","HTR2C,RTP4,TACR1,ANKFN1,PRKD1,HTR3A,SLC1A3,SLITRK6,PDYN,LHX8,CARTPT,FFAR4,ITGA8,TNNI1,GNAT3,EDNRA,ROR1,LRRK2,MME,C1QL1","ENSG00000147246,ENSG00000136514,ENSG00000115353,ENSG00000153930,ENSG00000184304,ENSG00000166736,ENSG00000079215,ENSG00000184564,ENSG00000101327,ENSG00000162624,ENSG00000164326,ENSG00000186188,ENSG00000077943,ENSG00000159173,ENSG00000214415,ENSG00000151617,ENSG00000185483,ENSG00000188906,ENSG00000196549,ENSG00000131094","GO:BP - nervous system process"
"query_1",TRUE,0.0028539630280868,1289,98,18,0.183673469387755,0.0139643134212568,"GO:0007186","GO:BP","G protein-coupled receptor signaling pathway",21026,2731,"IDA ISS IBA IEA,IDA IGI,IBA IEA,TAS IEA,IDA IMP TAS IEA,IBA,IBA TAS IEA,IBA TAS IEA,IBA TAS IEA,IBA IEA,IBA IEA,IDA IBA TAS IEA,ISS IEA,IMP ISS IBA IEA,IBA TAS IEA,IBA IEA,IBA TAS NAS IEA,IMP ISS IEA","HTR2C,NTS,GPR149,SST,TACR1,PRKD1,SSTR1,ADRA1D,PRLHR,PDYN,PROKR2,HTR4,CARTPT,FFAR4,GCG,GNAT3,EDNRA,LRRK2","HTR2C,NTS,GPR149,SST,TACR1,PRKD1,SSTR1,ADRA1D,PRLHR,PDYN,PROKR2,HTR4,CARTPT,FFAR4,GCG,GNAT3,EDNRA,LRRK2","ENSG00000147246,ENSG00000133636,ENSG00000174948,ENSG00000157005,ENSG00000115353,ENSG00000184304,ENSG00000139874,ENSG00000171873,ENSG00000119973,ENSG00000101327,ENSG00000101292,ENSG00000164270,ENSG00000164326,ENSG00000186188,ENSG00000115263,ENSG00000214415,ENSG00000151617,ENSG00000188906","GO:BP - G protein-coupled receptor signaling pathway"
"query_1",TRUE,0.00310994306606502,259,98,8,0.0816326530612245,0.0308880308880309,"GO:0007416","GO:BP","synapse assembly",21026,2897,"IEA,IEA,IBA,IEA,IDA IBA IEA,ISS IEA,IMP IBA IEA,IEA","EPHA7,DOCK10,GABRG1,C1QL3,SYNDIG1,CBLN4,SLITRK6,HTR4","EPHA7,DOCK10,GABRG1,C1QL3,SYNDIG1,CBLN4,SLITRK6,HTR4","ENSG00000135333,ENSG00000135905,ENSG00000163285,ENSG00000165985,ENSG00000101463,ENSG00000054803,ENSG00000184564,ENSG00000164270","GO:BP - synapse assembly"
"query_1",TRUE,0.00343505266005457,5997,98,47,0.479591836734694,0.00783725195931299,"GO:0048856","GO:BP","anatomical structure development",21026,12931,"IEA,IBA,IBA,ISS IBA IEA,ISS IBA IEA,ISS IBA TAS IEA,IBA,IBA TAS,IEA,IEA,IMP ISS IBA IEA,IEA,IBA,IDA IBA,IMP IEP,IDA IBA IEA,ISS IEA,IMP IGI IEA,ISS IEA,IEA,IEA,IMP IBA IEA,IEP,TAS,IBA IEA,IEA,IMP ISS IBA,IDA IMP IBA TAS IEA,TAS,ISS IBA IEA,IMP IEP IEA,IEA,IDA IEA,ISS IBA IEA,ISS IEA,ISS IEA,IEA,IEA,IMP IBA,TAS,ISS IBA IEA,IMP ISS TAS IEA,IBA IEA,IGI IEP IEA,ISS IBA TAS IEA,IDA,IEA","PAPPA2,CDH8,CDH20,EPHA7,DOCK10,SEMA5A,GABRG1,CNTN6,C1QL3,GPR149,TOX,DLX6-AS1,CDH12,CDH13,FOXP2,SYNDIG1,AIM2,PRKD1,CBLN4,SLC1A3,SSTR1,SLITRK6,PTER,KLK7,LHX8,HTR4,PROM1,FGF1,CARTPT,MYO1E,ITGA8,TNNI1,SPN,TAFA1,H2BC1,GRHL3,EDNRA,DSC3,CFAP47,COL9A2,ROR1,LRRK2,COL27A1,MME,MYOG,UPK1B,C1QL1","PAPPA2,CDH8,CDH20,EPHA7,DOCK10,SEMA5A,GABRG1,CNTN6,C1QL3,GPR149,TOX,DLX6-AS1,CDH12,CDH13,FOXP2,SYNDIG1,AIM2,PRKD1,CBLN4,SLC1A3,SSTR1,SLITRK6,PTER,KLK7,LHX8,HTR4,PROM1,FGF1,CARTPT,MYO1E,ITGA8,TNNI1,SPN,TAFA1,H2BC1,GRHL3,EDNRA,DSC3,CFAP47,COL9A2,ROR1,LRRK2,COL27A1,MME,MYOG,UPK1B,C1QL1","ENSG00000116183,ENSG00000150394,ENSG00000101542,ENSG00000135333,ENSG00000135905,ENSG00000112902,ENSG00000163285,ENSG00000134115,ENSG00000165985,ENSG00000174948,ENSG00000198846,ENSG00000231764,ENSG00000154162,ENSG00000140945,ENSG00000128573,ENSG00000101463,ENSG00000163568,ENSG00000184304,ENSG00000054803,ENSG00000079215,ENSG00000139874,ENSG00000184564,ENSG00000165983,ENSG00000169035,ENSG00000162624,ENSG00000164270,ENSG00000007062,ENSG00000113578,ENSG00000164326,ENSG00000157483,ENSG00000077943,ENSG00000159173,ENSG00000197471,ENSG00000183662,ENSG00000146047,ENSG00000158055,ENSG00000151617,ENSG00000134762,ENSG00000165164,ENSG00000049089,ENSG00000185483,ENSG00000188906,ENSG00000196739,ENSG00000196549,ENSG00000122180,ENSG00000114638,ENSG00000131094","GO:BP - anatomical structure development"
"query_1",TRUE,0.00343505266005457,14,98,3,0.0306122448979592,0.214285714285714,"GO:0007210","GO:BP","serotonin receptor signaling pathway",21026,2751,"IBA,IDA,IDA","HTR2C,HTR3A,HTR4","HTR2C,HTR3A,HTR4","ENSG00000147246,ENSG00000166736,ENSG00000164270","GO:BP - serotonin receptor signaling pathway"
"query_1",TRUE,0.00382994061504798,2604,98,27,0.275510204081633,0.01036866359447,"GO:0007399","GO:BP","nervous system development",21026,2884,"ISS IBA IEA,ISS IBA IEA,ISS IBA TAS IEA,IBA,IBA TAS,IEA,ISS IEA,IEA,IMP IEP,IDA IBA IEA,ISS IEA,IMP IEA,ISS IEA,IEA,IEA,IMP IBA IEA,IBA IEA,IEA,IMP ISS IBA,IEA,ISS IBA IEA,ISS IEA,IEA,IBA IEA,IMP ISS IEA,IGI,IEA","EPHA7,DOCK10,SEMA5A,GABRG1,CNTN6,C1QL3,TOX,DLX6-AS1,FOXP2,SYNDIG1,AIM2,PRKD1,CBLN4,SLC1A3,SSTR1,SLITRK6,LHX8,HTR4,PROM1,ITGA8,TAFA1,GRHL3,EDNRA,ROR1,LRRK2,MME,C1QL1","EPHA7,DOCK10,SEMA5A,GABRG1,CNTN6,C1QL3,TOX,DLX6-AS1,FOXP2,SYNDIG1,AIM2,PRKD1,CBLN4,SLC1A3,SSTR1,SLITRK6,LHX8,HTR4,PROM1,ITGA8,TAFA1,GRHL3,EDNRA,ROR1,LRRK2,MME,C1QL1","ENSG00000135333,ENSG00000135905,ENSG00000112902,ENSG00000163285,ENSG00000134115,ENSG00000165985,ENSG00000198846,ENSG00000231764,ENSG00000128573,ENSG00000101463,ENSG00000163568,ENSG00000184304,ENSG00000054803,ENSG00000079215,ENSG00000139874,ENSG00000184564,ENSG00000162624,ENSG00000164270,ENSG00000007062,ENSG00000077943,ENSG00000183662,ENSG00000158055,ENSG00000151617,ENSG00000185483,ENSG00000188906,ENSG00000196549,ENSG00000131094","GO:BP - nervous system development"
"query_1",TRUE,0.00403589809980058,137,98,6,0.0612244897959184,0.0437956204379562,"GO:0007200","GO:BP","phospholipase C-activating G protein-coupled receptor signaling pathway",21026,2745,"IDA ISS IBA IEA,TAS,IBA,IBA IEA,IMP IEA,TAS","HTR2C,TACR1,PRKD1,ADRA1D,FFAR4,EDNRA","HTR2C,TACR1,PRKD1,ADRA1D,FFAR4,EDNRA","ENSG00000147246,ENSG00000115353,ENSG00000184304,ENSG00000171873,ENSG00000186188,ENSG00000151617","GO:BP - phospholipase C-activating G protein-coupled receptor signaling pathway"
"query_1",TRUE,0.00566197240157727,3,98,2,0.0204081632653061,0.666666666666667,"GO:0070253","GO:BP","somatostatin secretion",21026,15797,"IEA,ISS IEA","CARTPT,FFAR4","CARTPT,FFAR4","ENSG00000164326,ENSG00000186188","GO:BP - somatostatin secretion"
"query_1",TRUE,0.00626246417499145,48,98,4,0.0408163265306122,0.0833333333333333,"GO:0016339","GO:BP","calcium-dependent cell-cell adhesion via plasma membrane cell adhesion molecules",21026,5189,"IBA,IBA,IBA,IDA IBA","CDH8,CDH20,CDH12,CDH13","CDH8,CDH20,CDH12,CDH13","ENSG00000150394,ENSG00000101542,ENSG00000154162,ENSG00000140945","GO:BP - calcium-dependent cell-cell adhesion via plasma membrane cell adhesion molecules"
"query_1",TRUE,0.00654943374677821,8999,98,61,0.622448979591837,0.0067785309478831,"GO:0050896","GO:BP","response to stimulus",21026,13167,"IBA IEA,IBA,IEA,ISS IEA,IDA,IDA ISS IBA IEA,ISS IEA,ISS IBA IEA,IDA ISS IBA IEA,IDA IGI NAS IEA,IEA,IBA IEA,TAS,TAS IEA,IDA IBA,IDA IMP,IDA IMP TAS IEA,IEA,IDA ISS IBA TAS NAS IEA,IEA,IDA IMP IGI ISS IBA TAS IEA,IDA IEA,IEA,IBA TAS IEA,IBA TAS IEA,IBA TAS IEA,IEA,IEA,IBA IEA,IMP IBA IEA,IDA,IBA IEA,IEA,IDA TAS IEA,TAS,IDA IBA TAS IEA,IDA IPI IMP IGI IBA NAS IEA,ISS IBA TAS IEA,IEA,IMP ISS IBA IEA,IBA IEA,ISS IBA TAS IEA,IEA,IBA,IDA IBA TAS IEA,IDA NAS IEA,IEA,ISS IEA,IBA IEA,IEA,TAS,IEA,IDA IBA TAS NAS IEA,IEA,IMP IBA TAS IEA,IDA IMP IGI ISS IBA TAS IC IEA,IDA IMP IBA IEA,IDA IEA,TAS,ISS IEA,IEA","PAPPA2,FSTL5,CDH8,MLIP,PTPRK,EPHA7,DOCK10,SEMA5A,HTR2C,NTS,CNTN6,GPR149,CRABP1,SST,RTP4,CDH13,TACR1,ANKFN1,AIM2,CLEC2B,PRKD1,HTR3A,SLC1A3,SSTR1,ADRA1D,PRLHR,SLITRK6,ARPP21,PDYN,KLK7,APOL1,PROKR2,SLC10A2,ITPR2,HSPB3,HTR4,FGF1,CARTPT,MYO1E,FFAR4,ITGA8,GCG,TNNI1,CFHR4,SPN,CD8B,ITPRIP,TAFA1,GNAT3,H2BC1,AADAC,GRHL3,EDNRA,ZSWIM2,ROR1,LRRK2,FCER1A,MME,SCARA3,MYOG,UPK1B","PAPPA2,FSTL5,CDH8,MLIP,PTPRK,EPHA7,DOCK10,SEMA5A,HTR2C,NTS,CNTN6,GPR149,CRABP1,SST,RTP4,CDH13,TACR1,ANKFN1,AIM2,CLEC2B,PRKD1,HTR3A,SLC1A3,SSTR1,ADRA1D,PRLHR,SLITRK6,ARPP21,PDYN,KLK7,APOL1,PROKR2,SLC10A2,ITPR2,HSPB3,HTR4,FGF1,CARTPT,MYO1E,FFAR4,ITGA8,GCG,TNNI1,CFHR4,SPN,CD8B,ITPRIP,TAFA1,GNAT3,H2BC1,AADAC,GRHL3,EDNRA,ZSWIM2,ROR1,LRRK2,FCER1A,MME,SCARA3,MYOG,UPK1B","ENSG00000116183,ENSG00000168843,ENSG00000150394,ENSG00000146147,ENSG00000152894,ENSG00000135333,ENSG00000135905,ENSG00000112902,ENSG00000147246,ENSG00000133636,ENSG00000134115,ENSG00000174948,ENSG00000166426,ENSG00000157005,ENSG00000136514,ENSG00000140945,ENSG00000115353,ENSG00000153930,ENSG00000163568,ENSG00000110852,ENSG00000184304,ENSG00000166736,ENSG00000079215,ENSG00000139874,ENSG00000171873,ENSG00000119973,ENSG00000184564,ENSG00000172995,ENSG00000101327,ENSG00000169035,ENSG00000100342,ENSG00000101292,ENSG00000125255,ENSG00000123104,ENSG00000169271,ENSG00000164270,ENSG00000113578,ENSG00000164326,ENSG00000157483,ENSG00000186188,ENSG00000077943,ENSG00000115263,ENSG00000159173,ENSG00000134365,ENSG00000197471,ENSG00000172116,ENSG00000148841,ENSG00000183662,ENSG00000214415,ENSG00000146047,ENSG00000114771,ENSG00000158055,ENSG00000151617,ENSG00000163012,ENSG00000185483,ENSG00000188906,ENSG00000179639,ENSG00000196549,ENSG00000168077,ENSG00000122180,ENSG00000114638","GO:BP - response to stimulus"
"query_1",TRUE,0.0068687984484992,50,98,4,0.0408163265306122,0.08,"GO:0044331","GO:BP","cell-cell adhesion mediated by cadherin",21026,10859,"IBA,IBA,IBA,IBA","CDH8,CDH20,CDH12,CDH13","CDH8,CDH20,CDH12,CDH13","ENSG00000150394,ENSG00000101542,ENSG00000154162,ENSG00000140945","GO:BP - cell-cell adhesion mediated by cadherin"
"query_1",TRUE,0.00747999838582443,4053,98,35,0.357142857142857,0.00863557858376511,"GO:0048731","GO:BP","system development",21026,12821,"IEA,ISS IBA IEA,ISS IBA IEA,ISS IBA TAS IEA,IBA,IBA TAS,IEA,IEA,ISS IEA,IEA,IDA,IMP IEP,IDA IBA IEA,ISS IEA,IMP IGI IEA,ISS IEA,IEA,IEA,IMP IBA IEA,IBA IEA,IEA,IMP ISS IBA,IDA IMP IEA,ISS IBA IEA,IMP IEA,IEA,ISS IBA IEA,ISS IEA,IEA,TAS,IBA IEA,IMP ISS IEA,IBA IEA,IGI IEP IEA,IEA","PAPPA2,EPHA7,DOCK10,SEMA5A,GABRG1,CNTN6,C1QL3,GPR149,TOX,DLX6-AS1,CDH13,FOXP2,SYNDIG1,AIM2,PRKD1,CBLN4,SLC1A3,SSTR1,SLITRK6,LHX8,HTR4,PROM1,FGF1,MYO1E,ITGA8,TNNI1,TAFA1,GRHL3,EDNRA,COL9A2,ROR1,LRRK2,COL27A1,MME,C1QL1","PAPPA2,EPHA7,DOCK10,SEMA5A,GABRG1,CNTN6,C1QL3,GPR149,TOX,DLX6-AS1,CDH13,FOXP2,SYNDIG1,AIM2,PRKD1,CBLN4,SLC1A3,SSTR1,SLITRK6,LHX8,HTR4,PROM1,FGF1,MYO1E,ITGA8,TNNI1,TAFA1,GRHL3,EDNRA,COL9A2,ROR1,LRRK2,COL27A1,MME,C1QL1","ENSG00000116183,ENSG00000135333,ENSG00000135905,ENSG00000112902,ENSG00000163285,ENSG00000134115,ENSG00000165985,ENSG00000174948,ENSG00000198846,ENSG00000231764,ENSG00000140945,ENSG00000128573,ENSG00000101463,ENSG00000163568,ENSG00000184304,ENSG00000054803,ENSG00000079215,ENSG00000139874,ENSG00000184564,ENSG00000162624,ENSG00000164270,ENSG00000007062,ENSG00000113578,ENSG00000157483,ENSG00000077943,ENSG00000159173,ENSG00000183662,ENSG00000158055,ENSG00000151617,ENSG00000049089,ENSG00000185483,ENSG00000188906,ENSG00000196739,ENSG00000196549,ENSG00000131094","GO:BP - system development"
"query_1",TRUE,0.00912632234300669,21,98,3,0.0306122448979592,0.142857142857143,"GO:2001026","GO:BP","regulation of endothelial cell chemotaxis",21026,25823,"ISS,IMP IGI,IDA","SEMA5A,PRKD1,FGF1","SEMA5A,PRKD1,FGF1","ENSG00000112902,ENSG00000184304,ENSG00000113578","GO:BP - regulation of endothelial cell chemotaxis"
"query_1",TRUE,0.00931709876280851,169,98,6,0.0612244897959184,0.0355029585798817,"GO:0007156","GO:BP","homophilic cell adhesion via plasma membrane adhesion molecules",21026,2707,"IEA,IEA,IBA,IEA,IDA IEA,IEA","CDH8,CDH20,CNTN6,CDH12,CDH13,DSC3","CDH8,CDH20,CNTN6,CDH12,CDH13,DSC3","ENSG00000150394,ENSG00000101542,ENSG00000134115,ENSG00000154162,ENSG00000140945,ENSG00000134762","GO:BP - homophilic cell adhesion via plasma membrane adhesion molecules"
"query_1",TRUE,0.00931709876280851,107,98,5,0.0510204081632653,0.0467289719626168,"GO:0007631","GO:BP","feeding behavior",21026,3073,"ISS TAS IEA,IEA,IEA,ISS IEA,TAS","HTR2C,TACR1,PRLHR,CARTPT,GCG","HTR2C,TACR1,PRLHR,CARTPT,GCG","ENSG00000147246,ENSG00000115353,ENSG00000119973,ENSG00000164326,ENSG00000115263","GO:BP - feeding behavior"
"query_1",TRUE,0.00931709876280851,22,98,3,0.0306122448979592,0.136363636363636,"GO:0032098","GO:BP","regulation of appetite",21026,7315,"ISS IEA,IEA,ISS IBA TAS IEA","HTR2C,HTR4,CARTPT","HTR2C,HTR4,CARTPT","ENSG00000147246,ENSG00000164270,ENSG00000164326","GO:BP - regulation of appetite"
"query_1",TRUE,0.00931709876280851,57,98,4,0.0408163265306122,0.0701754385964912,"GO:0034332","GO:BP","adherens junction organization",21026,8511,"IBA,IBA,IBA,IBA","CDH8,CDH20,CDH12,CDH13","CDH8,CDH20,CDH12,CDH13","ENSG00000150394,ENSG00000101542,ENSG00000154162,ENSG00000140945","GO:BP - adherens junction organization"
"query_1",TRUE,0.00931709876280851,322,98,8,0.0816326530612245,0.0248447204968944,"GO:0001822","GO:BP","kidney development",21026,477,"IEA,IMP,IDA,ISS IBA IEA,IMP IEA,IEA,ISS IEA,IEP IEA","EPHA7,PROM1,FGF1,MYO1E,ITGA8,EDNRA,LRRK2,MME","EPHA7,PROM1,FGF1,MYO1E,ITGA8,EDNRA,LRRK2,MME","ENSG00000135333,ENSG00000007062,ENSG00000113578,ENSG00000157483,ENSG00000077943,ENSG00000151617,ENSG00000188906,ENSG00000196549","GO:BP - kidney development"
"query_1",TRUE,0.00961896642036351,59,98,4,0.0408163265306122,0.0677966101694915,"GO:1903351","GO:BP","cellular response to dopamine",21026,22604,"IBA,IDA,IDA,IMP ISS IEA","HTR2C,HTR3A,HTR4,LRRK2","HTR2C,HTR3A,HTR4,LRRK2","ENSG00000147246,ENSG00000166736,ENSG00000164270,ENSG00000188906","GO:BP - cellular response to dopamine"
"query_1",TRUE,0.00961896642036351,23,98,3,0.0306122448979592,0.130434782608696,"GO:0072112","GO:BP","podocyte differentiation",21026,16909,"IMP,ISS IEA,IEA","PROM1,MYO1E,EDNRA","PROM1,MYO1E,EDNRA","ENSG00000007062,ENSG00000157483,ENSG00000151617","GO:BP - podocyte differentiation"
"query_1",TRUE,0.00961896642036351,332,98,8,0.0816326530612245,0.0240963855421687,"GO:0072001","GO:BP","renal system development",21026,16803,"IEA,IMP,IDA,ISS IBA IEA,IMP IEA,IEA,ISS IEA,IEP IEA","EPHA7,PROM1,FGF1,MYO1E,ITGA8,EDNRA,LRRK2,MME","EPHA7,PROM1,FGF1,MYO1E,ITGA8,EDNRA,LRRK2,MME","ENSG00000135333,ENSG00000007062,ENSG00000113578,ENSG00000157483,ENSG00000077943,ENSG00000151617,ENSG00000188906,ENSG00000196549","GO:BP - renal system development"
"query_1",TRUE,0.00961896642036351,23,98,3,0.0306122448979592,0.130434782608696,"GO:0061318","GO:BP","renal filtration cell differentiation",21026,15185,"IMP,ISS IEA,IEA","PROM1,MYO1E,EDNRA","PROM1,MYO1E,EDNRA","ENSG00000007062,ENSG00000157483,ENSG00000151617","GO:BP - renal filtration cell differentiation"
"query_1",TRUE,0.00964963762474197,175,98,6,0.0612244897959184,0.0342857142857143,"GO:0050905","GO:BP","neuromuscular process",21026,13175,"IEA,IEA,IEA,IEA,IBA,IEA","ANKFN1,PRKD1,SLC1A3,SLITRK6,TNNI1,EDNRA","ANKFN1,PRKD1,SLC1A3,SLITRK6,TNNI1,EDNRA","ENSG00000153930,ENSG00000184304,ENSG00000079215,ENSG00000184564,ENSG00000159173,ENSG00000151617","GO:BP - neuromuscular process"
"query_1",TRUE,0.0102043374624401,61,98,4,0.0408163265306122,0.0655737704918033,"GO:1903350","GO:BP","response to dopamine",21026,22603,"IBA,IDA,IDA,IMP ISS IEA","HTR2C,HTR3A,HTR4,LRRK2","HTR2C,HTR3A,HTR4,LRRK2","ENSG00000147246,ENSG00000166736,ENSG00000164270,ENSG00000188906","GO:BP - response to dopamine"
"query_1",TRUE,0.0102043374624401,24,98,3,0.0306122448979592,0.125,"GO:0072311","GO:BP","glomerular epithelial cell differentiation",21026,17107,"IMP,ISS IEA,IEA","PROM1,MYO1E,EDNRA","PROM1,MYO1E,EDNRA","ENSG00000007062,ENSG00000157483,ENSG00000151617","GO:BP - glomerular epithelial cell differentiation"
"query_1",TRUE,0.0135762833347497,553,98,10,0.102040816326531,0.0180831826401447,"GO:0044057","GO:BP","regulation of system process",21026,10796,"ISS IEA,ISS IEA,IEA,IEA,IBA IEA,IDA,NAS IEA,IEA,ISS IEA,ISS IEA","MLIP,HTR2C,TACR1,PRKD1,ADRA1D,CARTPT,TNNI1,EDNRA,LRRK2,MYOG","MLIP,HTR2C,TACR1,PRKD1,ADRA1D,CARTPT,TNNI1,EDNRA,LRRK2,MYOG","ENSG00000146147,ENSG00000147246,ENSG00000115353,ENSG00000184304,ENSG00000171873,ENSG00000164326,ENSG00000159173,ENSG00000151617,ENSG00000188906,ENSG00000122180","GO:BP - regulation of system process"
"query_1",TRUE,0.0135762833347497,556,98,10,0.102040816326531,0.0179856115107914,"GO:0010817","GO:BP","regulation of hormone levels",21026,4412,"ISS IEA,IEA,IEA,IEA,IEA,ISS IBA IEA,ISS,ISS IBA TAS IEA,IBA,IDA","HTR2C,TACR1,PRKD1,PRLHR,CARTPT,FFAR4,CHST9,GCG,ADH1A,MME","HTR2C,TACR1,PRKD1,PRLHR,CARTPT,FFAR4,CHST9,GCG,ADH1A,MME","ENSG00000147246,ENSG00000115353,ENSG00000184304,ENSG00000119973,ENSG00000164326,ENSG00000186188,ENSG00000154080,ENSG00000115263,ENSG00000187758,ENSG00000196549","GO:BP - regulation of hormone levels"
"query_1",TRUE,0.0135762833347497,27,98,3,0.0306122448979592,0.111111111111111,"GO:0072010","GO:BP","glomerular epithelium development",21026,16812,"IMP,ISS IEA,IEA","PROM1,MYO1E,EDNRA","PROM1,MYO1E,EDNRA","ENSG00000007062,ENSG00000157483,ENSG00000151617","GO:BP - glomerular epithelium development"
"query_1",TRUE,0.0150664699279449,6,98,2,0.0204081632653061,0.333333333333333,"GO:0038169","GO:BP","somatostatin receptor signaling pathway",21026,9658,"IEA,IEA","SST,SSTR1","SST,SSTR1","ENSG00000157005,ENSG00000139874","GO:BP - somatostatin receptor signaling pathway"
"query_1",TRUE,0.0150664699279449,6,98,2,0.0204081632653061,0.333333333333333,"GO:0038170","GO:BP","somatostatin signaling pathway",21026,9659,"IEA,IEA","SST,SSTR1","SST,SSTR1","ENSG00000157005,ENSG00000139874","GO:BP - somatostatin signaling pathway"
"query_1",TRUE,0.0150664699279449,2947,98,27,0.275510204081633,0.00916185951815406,"GO:0065008","GO:BP","regulation of biological quality",21026,15667,"IEA,IEA,IEA,ISS IEA,ISS IEA,IEA,IBA,IEA,IEA,IDA IEA,IDA IBA IEA,IEA,IEA,IBA IEA,IEA,IBA IEA,IEA,IDA ISS IBA TAS IEA,IDA ISS IBA IEA,ISS,ISS IBA TAS IEA,IBA,IMP IBA TAS IEA,IDA,IMP ISS IEA,IDA IEA,IEA","CDH8,EPHA7,DOCK10,SEMA5A,HTR2C,NTS,GABRG1,C1QL3,SST,TACR1,SYNDIG1,PRKD1,HTR3A,ADRA1D,PRLHR,SLITRK6,HTR4,CARTPT,FFAR4,CHST9,GCG,ADH1A,EDNRA,DSC3,LRRK2,MME,C1QL1","CDH8,EPHA7,DOCK10,SEMA5A,HTR2C,NTS,GABRG1,C1QL3,SST,TACR1,SYNDIG1,PRKD1,HTR3A,ADRA1D,PRLHR,SLITRK6,HTR4,CARTPT,FFAR4,CHST9,GCG,ADH1A,EDNRA,DSC3,LRRK2,MME,C1QL1","ENSG00000150394,ENSG00000135333,ENSG00000135905,ENSG00000112902,ENSG00000147246,ENSG00000133636,ENSG00000163285,ENSG00000165985,ENSG00000157005,ENSG00000115353,ENSG00000101463,ENSG00000184304,ENSG00000166736,ENSG00000171873,ENSG00000119973,ENSG00000184564,ENSG00000164270,ENSG00000164326,ENSG00000186188,ENSG00000154080,ENSG00000115263,ENSG00000187758,ENSG00000151617,ENSG00000134762,ENSG00000188906,ENSG00000196549,ENSG00000131094","GO:BP - regulation of biological quality"
"query_1",TRUE,0.0150664699279449,29,98,3,0.0306122448979592,0.103448275862069,"GO:0035767","GO:BP","endothelial cell chemotaxis",21026,9157,"ISS,IMP IGI,IDA","SEMA5A,PRKD1,FGF1","SEMA5A,PRKD1,FGF1","ENSG00000112902,ENSG00000184304,ENSG00000113578","GO:BP - endothelial cell chemotaxis"
"query_1",TRUE,0.0150664699279449,6515,98,47,0.479591836734694,0.00721412125863392,"GO:0023052","GO:BP","signaling",21026,6607,"IBA,IBA,IEA,IDA,IDA IBA IEA,IEA,ISS IBA TAS IEA,IDA ISS IBA TAS IEA,IDA IGI NAS IEA,IBA IEA,IEA,IEA,IBA IEA,TAS,TAS IEA,IDA IMP,IDA IMP TAS IEA,IDA ISS NAS IEA,IEA,IDA IMP IGI ISS IBA TAS IEA,IDA IEA,IEA,TAS IEA,IBA TAS IEA,ISS IBA TAS IEA,IBA TAS IEA,IBA IEA,IBA IEA,TAS IEA,IDA IBA TAS IEA,IDA IPI IMP IGI IBA NAS IEA,ISS TAS IEA,IEA,IMP ISS IBA IEA,IBA IEA,ISS IBA TAS IEA,IBA TAS IEA,IDA NAS,IEA,ISS IEA,IBA IEA,IDA IBA TAS NAS IEA,IEA,IMP IBA TAS IEA,IDA IMP IGI ISS IBA TAS IC IEA,IBA IEA,IEA","PAPPA2,FSTL5,CDH8,PTPRK,EPHA7,DOCK10,SEMA5A,HTR2C,NTS,GABRG1,CNTN6,CADPS2,GPR149,CRABP1,SST,CDH13,TACR1,AIM2,CLEC2B,PRKD1,HTR3A,CBLN4,SLC1A3,SSTR1,ADRA1D,PRLHR,PDYN,PROKR2,ITPR2,HTR4,FGF1,CARTPT,MYO1E,FFAR4,ITGA8,GCG,SPN,CD8B,ITPRIP,TAFA1,GNAT3,EDNRA,ZSWIM2,ROR1,LRRK2,FCER1A,MME","PAPPA2,FSTL5,CDH8,PTPRK,EPHA7,DOCK10,SEMA5A,HTR2C,NTS,GABRG1,CNTN6,CADPS2,GPR149,CRABP1,SST,CDH13,TACR1,AIM2,CLEC2B,PRKD1,HTR3A,CBLN4,SLC1A3,SSTR1,ADRA1D,PRLHR,PDYN,PROKR2,ITPR2,HTR4,FGF1,CARTPT,MYO1E,FFAR4,ITGA8,GCG,SPN,CD8B,ITPRIP,TAFA1,GNAT3,EDNRA,ZSWIM2,ROR1,LRRK2,FCER1A,MME","ENSG00000116183,ENSG00000168843,ENSG00000150394,ENSG00000152894,ENSG00000135333,ENSG00000135905,ENSG00000112902,ENSG00000147246,ENSG00000133636,ENSG00000163285,ENSG00000134115,ENSG00000081803,ENSG00000174948,ENSG00000166426,ENSG00000157005,ENSG00000140945,ENSG00000115353,ENSG00000163568,ENSG00000110852,ENSG00000184304,ENSG00000166736,ENSG00000054803,ENSG00000079215,ENSG00000139874,ENSG00000171873,ENSG00000119973,ENSG00000101327,ENSG00000101292,ENSG00000123104,ENSG00000164270,ENSG00000113578,ENSG00000164326,ENSG00000157483,ENSG00000186188,ENSG00000077943,ENSG00000115263,ENSG00000197471,ENSG00000172116,ENSG00000148841,ENSG00000183662,ENSG00000214415,ENSG00000151617,ENSG00000163012,ENSG00000185483,ENSG00000188906,ENSG00000179639,ENSG00000196549","GO:BP - signaling"
"query_1",TRUE,0.0155288492104594,6540,98,47,0.479591836734694,0.00718654434250765,"GO:0007154","GO:BP","cell communication",21026,2705,"IBA,IBA,IEA,IDA,IDA IBA IEA,IEA,ISS IBA TAS IEA,IDA ISS IBA TAS IEA,IDA IGI NAS IEA,IBA IEA,IEA,IEA,IBA IEA,TAS,TAS IEA,IDA IMP,IDA IMP TAS IEA,IDA ISS NAS IEA,IEA,IDA IMP IGI ISS IBA TAS IEA,IDA IEA,IEA,TAS IEA,IBA TAS IEA,ISS IBA TAS IEA,IBA TAS IEA,IBA IEA,IBA IEA,TAS IEA,IDA IBA TAS IEA,IDA IPI IMP IGI IBA NAS IEA,IDA ISS TAS IEA,IEA,IMP ISS IBA IEA,IBA IEA,ISS IBA TAS IEA,IBA TAS IEA,IDA NAS,IEA,ISS IEA,IBA IEA,IDA IBA TAS NAS IEA,IEA,IMP IBA TAS IEA,IDA IMP IGI ISS IBA TAS IC IEA,IBA IEA,IEA","PAPPA2,FSTL5,CDH8,PTPRK,EPHA7,DOCK10,SEMA5A,HTR2C,NTS,GABRG1,CNTN6,CADPS2,GPR149,CRABP1,SST,CDH13,TACR1,AIM2,CLEC2B,PRKD1,HTR3A,CBLN4,SLC1A3,SSTR1,ADRA1D,PRLHR,PDYN,PROKR2,ITPR2,HTR4,FGF1,CARTPT,MYO1E,FFAR4,ITGA8,GCG,SPN,CD8B,ITPRIP,TAFA1,GNAT3,EDNRA,ZSWIM2,ROR1,LRRK2,FCER1A,MME","PAPPA2,FSTL5,CDH8,PTPRK,EPHA7,DOCK10,SEMA5A,HTR2C,NTS,GABRG1,CNTN6,CADPS2,GPR149,CRABP1,SST,CDH13,TACR1,AIM2,CLEC2B,PRKD1,HTR3A,CBLN4,SLC1A3,SSTR1,ADRA1D,PRLHR,PDYN,PROKR2,ITPR2,HTR4,FGF1,CARTPT,MYO1E,FFAR4,ITGA8,GCG,SPN,CD8B,ITPRIP,TAFA1,GNAT3,EDNRA,ZSWIM2,ROR1,LRRK2,FCER1A,MME","ENSG00000116183,ENSG00000168843,ENSG00000150394,ENSG00000152894,ENSG00000135333,ENSG00000135905,ENSG00000112902,ENSG00000147246,ENSG00000133636,ENSG00000163285,ENSG00000134115,ENSG00000081803,ENSG00000174948,ENSG00000166426,ENSG00000157005,ENSG00000140945,ENSG00000115353,ENSG00000163568,ENSG00000110852,ENSG00000184304,ENSG00000166736,ENSG00000054803,ENSG00000079215,ENSG00000139874,ENSG00000171873,ENSG00000119973,ENSG00000101327,ENSG00000101292,ENSG00000123104,ENSG00000164270,ENSG00000113578,ENSG00000164326,ENSG00000157483,ENSG00000186188,ENSG00000077943,ENSG00000115263,ENSG00000197471,ENSG00000172116,ENSG00000148841,ENSG00000183662,ENSG00000214415,ENSG00000151617,ENSG00000163012,ENSG00000185483,ENSG00000188906,ENSG00000179639,ENSG00000196549","GO:BP - cell communication"
"query_1",TRUE,0.0192399411401078,4727,98,37,0.377551020408163,0.00782737465623017,"GO:0007275","GO:BP","multicellular organism development",21026,2788,"IEA,ISS IBA IEA,ISS IBA IEA,ISS IBA TAS IEA,IBA,IBA TAS,IEA,IEA,ISS IEA,IEA,IDA,IMP IEP,IDA IBA IEA,ISS IEA,IMP IGI IEA,ISS IEA,IEA,IEA,IMP IBA IEA,IBA IEA,IEA,IMP ISS IBA,IDA IMP IEA,TAS,ISS IBA IEA,IMP IEP IEA,IEA,ISS IBA IEA,ISS IEA,IEA,IEA,TAS,IBA IEA,IMP ISS IEA,IBA IEA,IGI IEP IEA,IEA","PAPPA2,EPHA7,DOCK10,SEMA5A,GABRG1,CNTN6,C1QL3,GPR149,TOX,DLX6-AS1,CDH13,FOXP2,SYNDIG1,AIM2,PRKD1,CBLN4,SLC1A3,SSTR1,SLITRK6,LHX8,HTR4,PROM1,FGF1,CARTPT,MYO1E,ITGA8,TNNI1,TAFA1,GRHL3,EDNRA,DSC3,COL9A2,ROR1,LRRK2,COL27A1,MME,C1QL1","PAPPA2,EPHA7,DOCK10,SEMA5A,GABRG1,CNTN6,C1QL3,GPR149,TOX,DLX6-AS1,CDH13,FOXP2,SYNDIG1,AIM2,PRKD1,CBLN4,SLC1A3,SSTR1,SLITRK6,LHX8,HTR4,PROM1,FGF1,CARTPT,MYO1E,ITGA8,TNNI1,TAFA1,GRHL3,EDNRA,DSC3,COL9A2,ROR1,LRRK2,COL27A1,MME,C1QL1","ENSG00000116183,ENSG00000135333,ENSG00000135905,ENSG00000112902,ENSG00000163285,ENSG00000134115,ENSG00000165985,ENSG00000174948,ENSG00000198846,ENSG00000231764,ENSG00000140945,ENSG00000128573,ENSG00000101463,ENSG00000163568,ENSG00000184304,ENSG00000054803,ENSG00000079215,ENSG00000139874,ENSG00000184564,ENSG00000162624,ENSG00000164270,ENSG00000007062,ENSG00000113578,ENSG00000164326,ENSG00000157483,ENSG00000077943,ENSG00000159173,ENSG00000183662,ENSG00000158055,ENSG00000151617,ENSG00000134762,ENSG00000049089,ENSG00000185483,ENSG00000188906,ENSG00000196739,ENSG00000196549,ENSG00000131094","GO:BP - multicellular organism development"
"query_1",TRUE,0.0192399411401078,32,98,3,0.0306122448979592,0.09375,"GO:0010996","GO:BP","response to auditory stimulus",21026,4547,"IEA,IEA,IEA","TACR1,SLC1A3,SLITRK6","TACR1,SLC1A3,SLITRK6","ENSG00000115353,ENSG00000079215,ENSG00000184564","GO:BP - response to auditory stimulus"
"query_1",TRUE,0.0235305312559758,1795,98,19,0.193877551020408,0.0105849582172702,"GO:0010647","GO:BP","positive regulation of cell communication",21026,4276,"ISS,IDA IEA,IDA,IEA,IDA,IEA,IDA IMP ISS IEA,IEA,IBA,IDA IMP,IDA ISS IEA,ISS IEA,IEA,IBA IEA,IEA,IEA,IMP IBA,IMP IGI IC,IEA","SEMA5A,HTR2C,NTS,CNTN6,CDH13,TACR1,PRKD1,SLC1A3,ADRA1D,FGF1,CARTPT,FFAR4,ITGA8,GCG,EDNRA,ZSWIM2,ROR1,LRRK2,MME","SEMA5A,HTR2C,NTS,CNTN6,CDH13,TACR1,PRKD1,SLC1A3,ADRA1D,FGF1,CARTPT,FFAR4,ITGA8,GCG,EDNRA,ZSWIM2,ROR1,LRRK2,MME","ENSG00000112902,ENSG00000147246,ENSG00000133636,ENSG00000134115,ENSG00000140945,ENSG00000115353,ENSG00000184304,ENSG00000079215,ENSG00000171873,ENSG00000113578,ENSG00000164326,ENSG00000186188,ENSG00000077943,ENSG00000115263,ENSG00000151617,ENSG00000163012,ENSG00000185483,ENSG00000188906,ENSG00000196549","GO:BP - positive regulation of cell communication"
"query_1",TRUE,0.0235305312559758,1796,98,19,0.193877551020408,0.0105790645879733,"GO:0023056","GO:BP","positive regulation of signaling",21026,6608,"ISS,IDA IEA,IDA,IEA,IDA,IEA,IDA IMP ISS IEA,IEA,IBA,IDA IMP,ISS IEA,ISS IEA,IEA,IBA IEA,IEA,IEA,IMP IBA,IMP IGI IC,IEA","SEMA5A,HTR2C,NTS,CNTN6,CDH13,TACR1,PRKD1,SLC1A3,ADRA1D,FGF1,CARTPT,FFAR4,ITGA8,GCG,EDNRA,ZSWIM2,ROR1,LRRK2,MME","SEMA5A,HTR2C,NTS,CNTN6,CDH13,TACR1,PRKD1,SLC1A3,ADRA1D,FGF1,CARTPT,FFAR4,ITGA8,GCG,EDNRA,ZSWIM2,ROR1,LRRK2,MME","ENSG00000112902,ENSG00000147246,ENSG00000133636,ENSG00000134115,ENSG00000140945,ENSG00000115353,ENSG00000184304,ENSG00000079215,ENSG00000171873,ENSG00000113578,ENSG00000164326,ENSG00000186188,ENSG00000077943,ENSG00000115263,ENSG00000151617,ENSG00000163012,ENSG00000185483,ENSG00000188906,ENSG00000196549","GO:BP - positive regulation of signaling"
"query_1",TRUE,0.0238178645319632,8,98,2,0.0204081632653061,0.25,"GO:0070091","GO:BP","glucagon secretion",21026,15681,"IEA,ISS IEA","CARTPT,FFAR4","CARTPT,FFAR4","ENSG00000164326,ENSG00000186188","GO:BP - glucagon secretion"
"query_1",TRUE,0.0238178645319632,8,98,2,0.0204081632653061,0.25,"GO:0070092","GO:BP","regulation of glucagon secretion",21026,15682,"IEA,ISS IEA","CARTPT,FFAR4","CARTPT,FFAR4","ENSG00000164326,ENSG00000186188","GO:BP - regulation of glucagon secretion"
"query_1",TRUE,0.0279698540293423,151,98,5,0.0510204081632653,0.033112582781457,"GO:0099175","GO:BP","regulation of postsynapse organization",21026,18832,"IEA,IEA,IEA,IEA,IMP ISS IEA","EPHA7,DOCK10,SYNDIG1,HTR4,LRRK2","EPHA7,DOCK10,SYNDIG1,HTR4,LRRK2","ENSG00000135333,ENSG00000135905,ENSG00000101463,ENSG00000164270,ENSG00000188906","GO:BP - regulation of postsynapse organization"
"query_1",TRUE,0.0279698540293423,996,98,13,0.13265306122449,0.0130522088353414,"GO:0000902","GO:BP","cell morphogenesis",21026,238,"IBA,IBA,IBA IEA,ISS IBA IEA,ISS IBA IEA,IBA,IBA,IBA,IEA,IBA IEA,IEA,IMP ISS IEA,IBA","CDH8,CDH20,EPHA7,DOCK10,SEMA5A,CNTN6,CDH12,CDH13,SLC1A3,SLITRK6,EDNRA,LRRK2,COL27A1","CDH8,CDH20,EPHA7,DOCK10,SEMA5A,CNTN6,CDH12,CDH13,SLC1A3,SLITRK6,EDNRA,LRRK2,COL27A1","ENSG00000150394,ENSG00000101542,ENSG00000135333,ENSG00000135905,ENSG00000112902,ENSG00000134115,ENSG00000154162,ENSG00000140945,ENSG00000079215,ENSG00000184564,ENSG00000151617,ENSG00000188906,ENSG00000196739","GO:BP - cell morphogenesis"
"query_1",TRUE,0.0297406218478342,154,98,5,0.0510204081632653,0.0324675324675325,"GO:0072073","GO:BP","kidney epithelium development",21026,16873,"IEA,IMP,IDA,ISS IEA,IEA","EPHA7,PROM1,FGF1,MYO1E,EDNRA","EPHA7,PROM1,FGF1,MYO1E,EDNRA","ENSG00000135333,ENSG00000007062,ENSG00000113578,ENSG00000157483,ENSG00000151617","GO:BP - kidney epithelium development"
"query_1",TRUE,0.0301858005471508,89,98,4,0.0408163265306122,0.0449438202247191,"GO:0099068","GO:BP","postsynapse assembly",21026,18778,"IEA,IEA,IEA,IEA","DOCK10,C1QL3,SYNDIG1,HTR4","DOCK10,C1QL3,SYNDIG1,HTR4","ENSG00000135905,ENSG00000165985,ENSG00000101463,ENSG00000164270","GO:BP - postsynapse assembly"
"query_1",TRUE,0.0309234747267267,1144,98,14,0.142857142857143,0.0122377622377622,"GO:0009628","GO:BP","response to abiotic stimulus",21026,3535,"IEA,IEA,IDA,IEA,TAS IEA,IEA,IEA,IEA,IDA,IDA,IEA,IDA,TAS,ISS","PAPPA2,CDH8,PTPRK,SST,TACR1,SLC1A3,SLITRK6,ARPP21,ITPR2,FGF1,EDNRA,MME,SCARA3,MYOG","PAPPA2,CDH8,PTPRK,SST,TACR1,SLC1A3,SLITRK6,ARPP21,ITPR2,FGF1,EDNRA,MME,SCARA3,MYOG","ENSG00000116183,ENSG00000150394,ENSG00000152894,ENSG00000157005,ENSG00000115353,ENSG00000079215,ENSG00000184564,ENSG00000172995,ENSG00000123104,ENSG00000113578,ENSG00000151617,ENSG00000196549,ENSG00000168077,ENSG00000122180","GO:BP - response to abiotic stimulus"
"query_1",TRUE,0.0369978630444256,438,98,8,0.0816326530612245,0.0182648401826484,"GO:0003012","GO:BP","muscle system process",21026,1461,"ISS IEA,IEA,IEA,IDA IBA TAS NAS,IDA IBA NAS,IBA NAS IEA,IMP TAS NAS,ISS IEA","MLIP,TACR1,PRKD1,MYH2,MYH4,TNNI1,EDNRA,MYOG","MLIP,TACR1,PRKD1,MYH2,MYH4,TNNI1,EDNRA,MYOG","ENSG00000146147,ENSG00000115353,ENSG00000184304,ENSG00000125414,ENSG00000264424,ENSG00000159173,ENSG00000151617,ENSG00000122180","GO:BP - muscle system process"
"query_1",TRUE,0.0369978630444256,165,98,5,0.0510204081632653,0.0303030303030303,"GO:0051963","GO:BP","regulation of synapse assembly",21026,13838,"IEA,IEA,IDA IBA IEA,IBA IEA,IEA","EPHA7,DOCK10,SYNDIG1,SLITRK6,HTR4","EPHA7,DOCK10,SYNDIG1,SLITRK6,HTR4","ENSG00000135333,ENSG00000135905,ENSG00000101463,ENSG00000184564,ENSG00000164270","GO:BP - regulation of synapse assembly"
"query_1",TRUE,0.0369978630444256,43,98,3,0.0306122448979592,0.0697674418604651,"GO:0050912","GO:BP","detection of chemical stimulus involved in sensory perception of taste",21026,13182,"IDA IBA,IEA,IBA","RTP4,FFAR4,GNAT3","RTP4,FFAR4,GNAT3","ENSG00000136514,ENSG00000186188,ENSG00000214415","GO:BP - detection of chemical stimulus involved in sensory perception of taste"
"query_1",TRUE,0.0369978630444256,246,98,6,0.0612244897959184,0.024390243902439,"GO:0099173","GO:BP","postsynapse organization",21026,18830,"IEA,ISS IBA IEA,IEA,IEA,IEA,IMP ISS IEA","EPHA7,DOCK10,C1QL3,SYNDIG1,HTR4,LRRK2","EPHA7,DOCK10,C1QL3,SYNDIG1,HTR4,LRRK2","ENSG00000135333,ENSG00000135905,ENSG00000165985,ENSG00000101463,ENSG00000164270,ENSG00000188906","GO:BP - postsynapse organization"
"query_1",TRUE,0.0396412967863766,11,98,2,0.0204081632653061,0.181818181818182,"GO:0031223","GO:BP","auditory behavior",21026,7057,"IEA,IEA","SLC1A3,SLITRK6","SLC1A3,SLITRK6","ENSG00000079215,ENSG00000184564","GO:BP - auditory behavior"
"query_1",TRUE,0.0410481753596358,45,98,3,0.0306122448979592,0.0666666666666667,"GO:0150052","GO:BP","regulation of postsynapse assembly",21026,19852,"IEA,IEA,IEA","DOCK10,SYNDIG1,HTR4","DOCK10,SYNDIG1,HTR4","ENSG00000135905,ENSG00000101463,ENSG00000164270","GO:BP - regulation of postsynapse assembly"
"query_1",TRUE,0.045449150285784,12,98,2,0.0204081632653061,0.166666666666667,"GO:0048755","GO:BP","branching morphogenesis of a nerve",21026,12839,"ISS IEA,IMP","EPHA7,LRRK2","EPHA7,LRRK2","ENSG00000135333,ENSG00000188906","GO:BP - branching morphogenesis of a nerve"
"query_1",TRUE,0.045449150285784,47,98,3,0.0306122448979592,0.0638297872340425,"GO:0014888","GO:BP","striated muscle adaptation",21026,4743,"ISS IEA,IEA,ISS IEA","MLIP,TNNI1,MYOG","MLIP,TNNI1,MYOG","ENSG00000146147,ENSG00000159173,ENSG00000122180","GO:BP - striated muscle adaptation"
"query_1",TRUE,0.049740919505266,266,98,6,0.0612244897959184,0.0225563909774436,"GO:0007188","GO:BP","adenylate cyclase-modulating G protein-coupled receptor signaling pathway",21026,2733,"IBA TAS IEA,IDA IBA,ISS IEA,IBA IEA,IBA IEA,IEA","ADRA1D,HTR4,FFAR4,GCG,GNAT3,EDNRA","ADRA1D,HTR4,FFAR4,GCG,GNAT3,EDNRA","ENSG00000171873,ENSG00000164270,ENSG00000186188,ENSG00000115263,ENSG00000214415,ENSG00000151617","GO:BP - adenylate cyclase-modulating G protein-coupled receptor signaling pathway"
"query_1",TRUE,0.049740919505266,49,98,3,0.0306122448979592,0.0612244897959184,"GO:0042551","GO:BP","neuron maturation",21026,10149,"IEA,IMP,IEA","EDNRA,LRRK2,C1QL1","EDNRA,LRRK2,C1QL1","ENSG00000151617,ENSG00000188906,ENSG00000131094","GO:BP - neuron maturation"
